code_press,mp_name, constit,rating, mp_img
1,Stephen Kinnock MP,Aberavon,1,https://assets3.parliament.uk/ext/mnis-bio-person/www.dodspeople.com/photos/110294.jpg.jpg
2,Guto Bebb MP,Aberconwy,1,https://assets3.parliament.uk/ext/mnis-bio-person/www.dodspeople.com/photos/35317.jpg.jpg
3,Kirsty Blackman MP,Aberdeen North,1,https://assets3.parliament.uk/ext/mnis-bio-person/www.dodspeople.com/photos/121772.jpg.jpg
4,Ross Thomson MP,Aberdeen South,1,https://assets3.parliament.uk/ext/mnis-bio-person/www.dodspeople.com/photos/58096.jpg.jpg
5,Andrew Bowie MP,West Aberdeenshire and Kincardine,1,https://assets3.parliament.uk/ext/mnis-bio-person/www.dodspeople.com/photos/148003.jpg.jpg
6,Neil Gray MP,Airdrie and Shotts,1,https://assets3.parliament.uk/ext/mnis-bio-person/www.dodspeople.com/photos/137602.jpg.jpg
7,Leo Docherty MP,Aldershot,1,https://assets3.parliament.uk/ext/mnis-bio-person/www.dodspeople.com/photos/128471.jpg.jpg
8,Wendy Morton MP,Aldridge-Brownhills,1,https://assets3.parliament.uk/ext/mnis-bio-person/www.dodspeople.com/photos/41314.jpg.jpg
9,Sir Graham Brady MP,Altrincham and Sale West,1,https://assets3.parliament.uk/ext/mnis-bio-person/www.dodspeople.com/photos/25725.jpg.jpg
10,Rt Hon Mark Tami MP,Alyn and Deeside,1,https://assets3.parliament.uk/ext/mnis-bio-person/www.dodspeople.com/photos/25263.jpg.jpg
11,Nigel Mills MP,Amber Valley,1,https://assets3.parliament.uk/ext/mnis-bio-person/www.dodspeople.com/photos/62731.jpg.jpg
12,Kirstene Hair MP,Angus,1,https://assets3.parliament.uk/ext/mnis-bio-person/www.dodspeople.com/photos/147916.jpg.jpg
13,Rt Hon Sammy Wilson MP,East Antrim,1,https://assets3.parliament.uk/ext/mnis-bio-person/www.dodspeople.com/photos/33564.jpg.jpg
14,Ian Paisley MP,North Antrim,1,https://assets3.parliament.uk/ext/mnis-bio-person/www.dodspeople.com/photos/33629.jpg.jpg
15,Paul Girvan MP,South Antrim,1,https://assets3.parliament.uk/ext/mnis-bio-person/www.dodspeople.com/photos/33554.jpg.jpg
16,Hywel Williams MP,Arfon,1,https://assets3.parliament.uk/ext/mnis-bio-person/www.dodspeople.com/photos/25221.jpg.jpg
17,Brendan O'Hara MP,Argyll and Bute,1,https://assets3.parliament.uk/ext/mnis-bio-person/www.dodspeople.com/photos/138158.jpg.jpg
18,Rt Hon Nick Herbert MP,Arundel and South Downs,1,https://assets3.parliament.uk/ext/mnis-bio-person/www.dodspeople.com/photos/40839.jpg.jpg
19,Gloria De Piero MP,Ashfield,1,https://assets3.parliament.uk/ext/mnis-bio-person/www.dodspeople.com/photos/85008.jpg.jpg
20,Rt Hon Damian Green MP,Ashford,1,https://assets3.parliament.uk/ext/mnis-bio-person/www.dodspeople.com/photos/25546.jpg.jpg
21,Angela Rayner MP,Ashton-under-Lyne,1,https://assets3.parliament.uk/ext/mnis-bio-person/www.dodspeople.com/photos/134574.jpg.jpg
22,Rt Hon David Lidington MP,Aylesbury,1,https://assets3.parliament.uk/ext/mnis-bio-person/www.dodspeople.com/photos/25473.jpg.jpg
23,Bill Grant MP,"Ayr, Carrick and Cumnock",1,https://assets3.parliament.uk/ext/mnis-bio-person/www.dodspeople.com/photos/131984.jpg.jpg
24,Dr Philippa Whitford MP,Central Ayrshire,1,https://assets3.parliament.uk/ext/mnis-bio-person/www.dodspeople.com/photos/137582.jpg.jpg
25,Patricia Gibson MP,North Ayrshire and Arran,1,https://assets3.parliament.uk/ext/mnis-bio-person/www.dodspeople.com/photos/80615.jpg.jpg
26,Victoria Prentis MP,Banbury,1,https://assets3.parliament.uk/ext/mnis-bio-person/www.dodspeople.com/photos/136496.jpg.jpg
27,David Duguid MP,Banff and Buchan,1,https://assets3.parliament.uk/ext/mnis-bio-person/www.dodspeople.com/photos/147922.jpg.jpg
28,Rt Hon Dame Margaret Hodge MP,Barking,1,https://assets3.parliament.uk/ext/mnis-bio-person/www.dodspeople.com/photos/25573.jpg.jpg
29,Dan Jarvis MP,Barnsley Central,1,https://assets3.parliament.uk/ext/mnis-bio-person/www.dodspeople.com/photos/91415.jpg.jpg
30,Stephanie Peacock MP,Barnsley East,1,https://assets3.parliament.uk/ext/mnis-bio-person/www.dodspeople.com/photos/76839.jpg.jpg
31,John Woodcock MP,Barrow and Furness,1,https://assets3.parliament.uk/ext/mnis-bio-person/www.dodspeople.com/photos/32028.jpg.jpg
32,Mr John Baron MP,Basildon and Billericay,1,https://assets3.parliament.uk/ext/mnis-bio-person/www.dodspeople.com/photos/25729.jpg.jpg
33,Stephen Metcalfe MP,South Basildon and East Thurrock,1,https://assets3.parliament.uk/ext/mnis-bio-person/www.dodspeople.com/photos/35374.jpg.jpg
34,Rt Hon Maria Miller MP,Basingstoke,1,https://assets3.parliament.uk/ext/mnis-bio-person/www.dodspeople.com/photos/31595.jpg.jpg
35,John Mann MP,Bassetlaw,1,https://assets3.parliament.uk/ext/mnis-bio-person/www.dodspeople.com/photos/25485.jpg.jpg
36,Wera Hobhouse MP,Bath,1,https://assets3.parliament.uk/ext/mnis-bio-person/www.dodspeople.com/photos/62700.jpg.jpg
37,Tracy Brabin MP,Batley and Spen,1,https://assets3.parliament.uk/ext/mnis-bio-person/www.dodspeople.com/photos/145234.jpg.jpg
38,Marsha De Cordova MP,Battersea,1,https://assets3.parliament.uk/ext/mnis-bio-person/www.dodspeople.com/photos/118780.jpg.jpg
39,Rt Hon Dominic Grieve QC MP,Beaconsfield,1,https://assets3.parliament.uk/ext/mnis-bio-person/www.dodspeople.com/photos/25630.jpg.jpg
40,Bob Stewart MP,Beckenham,1,https://assets3.parliament.uk/ext/mnis-bio-person/www.dodspeople.com/photos/83527.jpg.jpg
41,Mohammad Yasin MP,Bedford,1,https://assets3.parliament.uk/ext/mnis-bio-person/www.dodspeople.com/photos/113926.jpg.jpg
42,Ms Nadine Dorries MP,Mid Bedfordshire,1,https://assets3.parliament.uk/ext/mnis-bio-person/www.dodspeople.com/photos/41312.jpg.jpg
43,Rt Hon Alistair Burt MP,North East Bedfordshire,1,https://assets3.parliament.uk/ext/mnis-bio-person/www.dodspeople.com/photos/25162.jpg.jpg
44,Andrew Selous MP,South West Bedfordshire,1,https://assets3.parliament.uk/ext/mnis-bio-person/www.dodspeople.com/photos/25301.jpg.jpg
45,Gavin Robinson MP,Belfast East,1,https://assets3.parliament.uk/ext/mnis-bio-person/www.dodspeople.com/photos/121653.jpg.jpg
46,Rt Hon Nigel Dodds MP,Belfast North,1,https://assets3.parliament.uk/ext/mnis-bio-person/www.dodspeople.com/photos/25658.jpg.jpg
47,Emma Little Pengelly MP,Belfast South,1,https://assets3.parliament.uk/ext/mnis-bio-person/www.dodspeople.com/photos/140935.jpg.jpg
48,Paul Maskey MP,Belfast West,1,https://assets3.parliament.uk/ext/mnis-bio-person/www.dodspeople.com/photos/58939.jpg.jpg
49,Neil Coyle MP,Bermondsey and Old Southwark,1,https://assets3.parliament.uk/ext/mnis-bio-person/www.dodspeople.com/photos/60236.jpg.jpg
50,Anne-Marie Trevelyan MP,Berwick-upon-Tweed,1,https://assets3.parliament.uk/ext/mnis-bio-person/www.dodspeople.com/photos/62791.jpg.jpg
51,John Lamont MP,"Berwickshire, Roxburgh and Selkirk",1,https://assets3.parliament.uk/ext/mnis-bio-person/www.dodspeople.com/photos/36104.jpg.jpg
52,Rushanara Ali MP,Bethnal Green and Bow,1,https://assets3.parliament.uk/ext/mnis-bio-person/www.dodspeople.com/photos/58561.jpg.jpg
53,Graham Stuart MP,Beverley and Holderness,1,https://assets3.parliament.uk/ext/mnis-bio-person/www.dodspeople.com/photos/31707.jpg.jpg
54,Huw Merriman MP,Bexhill and Battle,1,https://assets3.parliament.uk/ext/mnis-bio-person/www.dodspeople.com/photos/72290.jpg.jpg
55,Rt Hon Sir David Evennett MP,Bexleyheath and Crayford,1,https://assets3.parliament.uk/ext/mnis-bio-person/www.dodspeople.com/photos/31706.jpg.jpg
56,Rt Hon Frank Field MP,Birkenhead,1,https://assets3.parliament.uk/ext/mnis-bio-person/www.dodspeople.com/photos/25534.jpg.jpg
57,Preet Kaur Gill MP,"Birmingham, Edgbaston",1,https://assets3.parliament.uk/ext/mnis-bio-person/www.dodspeople.com/photos/116950.jpg.jpg
58,Jack Dromey MP,"Birmingham, Erdington",1,https://assets3.parliament.uk/ext/mnis-bio-person/www.dodspeople.com/photos/47128.jpg.jpg
59,Mr Roger Godsiff MP,"Birmingham, Hall Green",1,https://assets3.parliament.uk/ext/mnis-bio-person/www.dodspeople.com/photos/25655.jpg.jpg
60,Rt Hon Liam Byrne MP,"Birmingham, Hodge Hill",1,https://assets3.parliament.uk/ext/mnis-bio-person/www.dodspeople.com/photos/30771.jpg.jpg
61,Shabana Mahmood MP,"Birmingham, Ladywood",1,https://assets3.parliament.uk/ext/mnis-bio-person/www.dodspeople.com/photos/72715.jpg.jpg
62,Richard Burden MP,"Birmingham, Northfield",1,https://assets3.parliament.uk/ext/mnis-bio-person/www.dodspeople.com/photos/25748.jpg.jpg
63,Mr Khalid Mahmood MP,"Birmingham, Perry Barr",1,https://assets3.parliament.uk/ext/mnis-bio-person/www.dodspeople.com/photos/25438.jpg.jpg
64,Steve McCabe MP,"Birmingham, Selly Oak",1,https://assets3.parliament.uk/ext/mnis-bio-person/www.dodspeople.com/photos/25185.jpg.jpg
65,Jess Phillips MP,"Birmingham, Yardley",1,https://assets3.parliament.uk/ext/mnis-bio-person/www.dodspeople.com/photos/106164.jpg.jpg
66,Helen Goodman MP,Bishop Auckland,1,https://assets3.parliament.uk/ext/mnis-bio-person/www.dodspeople.com/photos/40782.jpg.jpg
67,Kate Hollern MP,Blackburn,1,https://assets3.parliament.uk/ext/mnis-bio-person/www.dodspeople.com/photos/110372.jpg.jpg
68,Graham Stringer MP,Blackley and Broughton,1,https://assets3.parliament.uk/ext/mnis-bio-person/www.dodspeople.com/photos/25259.jpg.jpg
69,Paul Maynard MP,Blackpool North and Cleveleys,1,https://assets3.parliament.uk/ext/mnis-bio-person/www.dodspeople.com/photos/35499.jpg.jpg
70,Gordon Marsden MP,Blackpool South,1,https://assets3.parliament.uk/ext/mnis-bio-person/www.dodspeople.com/photos/25439.jpg.jpg
71,Nick Smith MP,Blaenau Gwent,1,https://assets3.parliament.uk/ext/mnis-bio-person/www.dodspeople.com/photos/72304.jpg.jpg
72,Liz Twist MP,Blaydon,1,https://assets3.parliament.uk/ext/mnis-bio-person/www.dodspeople.com/photos/113394.jpg.jpg
73,Mr Ronnie Campbell MP,Blyth Valley,1,https://assets3.parliament.uk/ext/mnis-bio-person/www.dodspeople.com/photos/25669.jpg.jpg
74,Rt Hon Nick Gibb MP,Bognor Regis and Littlehampton,1,https://assets3.parliament.uk/ext/mnis-bio-person/www.dodspeople.com/photos/25544.jpg.jpg
75,Mr Dennis Skinner MP,Bolsover,1,https://assets3.parliament.uk/ext/mnis-bio-person/www.dodspeople.com/photos/25309.jpg.jpg
76,Sir David Crausby MP,Bolton North East,1,https://assets3.parliament.uk/ext/mnis-bio-person/www.dodspeople.com/photos/25156.jpg.jpg
77,Yasmin Qureshi MP,Bolton South East,1,https://assets3.parliament.uk/ext/mnis-bio-person/www.dodspeople.com/photos/35869.jpg.jpg
78,Chris Green MP,Bolton West,1,https://assets3.parliament.uk/ext/mnis-bio-person/www.dodspeople.com/photos/83505.jpg.jpg
79,Peter Dowd MP,Bootle,1,https://assets3.parliament.uk/ext/mnis-bio-person/www.dodspeople.com/photos/115805.jpg.jpg
80,Matt Warman MP,Boston and Skegness,1,https://assets3.parliament.uk/ext/mnis-bio-person/www.dodspeople.com/photos/136511.jpg.jpg
81,David Tredinnick MP,Bosworth,1,https://assets3.parliament.uk/ext/mnis-bio-person/www.dodspeople.com/photos/25288.jpg.jpg
82,Rt Hon Tobias Ellwood MP,Bournemouth East,1,https://assets3.parliament.uk/ext/mnis-bio-person/www.dodspeople.com/photos/31646.jpg.jpg
83,Conor Burns MP,Bournemouth West,1,https://assets3.parliament.uk/ext/mnis-bio-person/www.dodspeople.com/photos/31713.jpg.jpg
84,Dr Phillip Lee MP,Bracknell,1,https://assets3.parliament.uk/ext/mnis-bio-person/www.dodspeople.com/photos/40500.jpg.jpg
85,Imran Hussain MP,Bradford East,1,https://assets3.parliament.uk/ext/mnis-bio-person/www.dodspeople.com/photos/96076.jpg.jpg
86,Judith Cummins MP,Bradford South,1,https://assets3.parliament.uk/ext/mnis-bio-person/www.dodspeople.com/photos/117593.jpg.jpg
87,Naz Shah MP,Bradford West,1,https://assets3.parliament.uk/ext/mnis-bio-person/www.dodspeople.com/photos/138070.jpg.jpg
88,James Cleverly MP,Braintree,1,https://assets3.parliament.uk/ext/mnis-bio-person/www.dodspeople.com/photos/35384.jpg.jpg
89,Chris Davies MP,Brecon and Radnorshire,1,https://assets3.parliament.uk/ext/mnis-bio-person/www.dodspeople.com/photos/91138.jpg.jpg
90,Dawn Butler MP,Brent Central,1,https://assets3.parliament.uk/ext/mnis-bio-person/www.dodspeople.com/photos/40783.jpg.jpg
91,Barry Gardiner MP,Brent North,1,https://assets3.parliament.uk/ext/mnis-bio-person/www.dodspeople.com/photos/25651.jpg.jpg
92,Ruth Cadbury MP,Brentford and Isleworth,1,https://assets3.parliament.uk/ext/mnis-bio-person/www.dodspeople.com/photos/108781.jpg.jpg
93,Alex Burghart MP,Brentwood and Ongar,1,https://assets3.parliament.uk/ext/mnis-bio-person/www.dodspeople.com/photos/137715.jpg.jpg
94,Mrs Madeleine Moon MP,Bridgend,1,https://assets3.parliament.uk/ext/mnis-bio-person/www.dodspeople.com/photos/35871.jpg.jpg
95,Mr Ian Liddell-Grainger MP,Bridgwater and West Somerset,1,https://assets3.parliament.uk/ext/mnis-bio-person/www.dodspeople.com/photos/25472.jpg.jpg
96,Andrew Percy MP,Brigg and Goole,1,https://assets3.parliament.uk/ext/mnis-bio-person/www.dodspeople.com/photos/40470.jpg.jpg
97,Lloyd Russell-Moyle MP,"Brighton, Kemptown",1,https://assets3.parliament.uk/ext/mnis-bio-person/www.dodspeople.com/photos/110173.jpg.jpg
98,Caroline Lucas MP,"Brighton, Pavilion",1,https://assets3.parliament.uk/ext/mnis-bio-person/www.dodspeople.com/photos/28490.jpg.jpg
99,Kerry McCarthy MP,Bristol East,1,https://assets3.parliament.uk/ext/mnis-bio-person/www.dodspeople.com/photos/39440.jpg.jpg
100,Darren Jones MP,Bristol North West,1,https://assets3.parliament.uk/ext/mnis-bio-person/www.dodspeople.com/photos/77854.jpg.jpg
101,Karin Smyth MP,Bristol South,1,https://assets3.parliament.uk/ext/mnis-bio-person/www.dodspeople.com/photos/106237.jpg.jpg
102,Thangam Debbonaire MP,Bristol West,1,https://assets3.parliament.uk/ext/mnis-bio-person/www.dodspeople.com/photos/105944.jpg.jpg
103,Rt Hon Keith Simpson MP,Broadland,1,https://assets3.parliament.uk/ext/mnis-bio-person/www.dodspeople.com/photos/25206.jpg.jpg
104,Robert Neill MP,Bromley and Chislehurst,1,https://assets3.parliament.uk/ext/mnis-bio-person/www.dodspeople.com/photos/34498.jpg.jpg
105,Rt Hon Sajid Javid MP,Bromsgrove,1,https://assets3.parliament.uk/ext/mnis-bio-person/www.dodspeople.com/photos/84360.jpg.jpg
106,Mr Charles Walker MP,Broxbourne,1,https://assets3.parliament.uk/ext/mnis-bio-person/www.dodspeople.com/photos/37676.jpg.jpg
107,Rt Hon Anna Soubry MP,Broxtowe,1,https://assets3.parliament.uk/ext/mnis-bio-person/www.dodspeople.com/photos/35353.jpg.jpg
108,Rt Hon John Bercow MP,Buckingham,1,https://assets3.parliament.uk/ext/mnis-bio-person/www.dodspeople.com/photos/25808.jpg.jpg
109,Julie Cooper MP,Burnley,1,https://assets3.parliament.uk/ext/mnis-bio-person/www.dodspeople.com/photos/83501.jpg.jpg
110,Andrew Griffiths MP,Burton,1,https://assets3.parliament.uk/ext/mnis-bio-person/www.dodspeople.com/photos/42358.jpg.jpg
111,James Frith MP,Bury North,1,https://assets3.parliament.uk/ext/mnis-bio-person/www.dodspeople.com/photos/106001.jpg.jpg
112,Mr Ivan Lewis MP,Bury South,1,https://assets3.parliament.uk/ext/mnis-bio-person/www.dodspeople.com/photos/25469.jpg.jpg
113,Jo Churchill MP,Bury St Edmunds,1,https://assets3.parliament.uk/ext/mnis-bio-person/www.dodspeople.com/photos/136478.jpg.jpg
114,Wayne David MP,Caerphilly,1,https://assets3.parliament.uk/ext/mnis-bio-person/www.dodspeople.com/photos/25696.jpg.jpg
115,Jamie Stone MP,"Caithness, Sutherland and Easter Ross",1,https://assets3.parliament.uk/ext/mnis-bio-person/www.dodspeople.com/photos/121354.jpg.jpg
116,Craig Whittaker MP,Calder Valley,1,https://assets3.parliament.uk/ext/mnis-bio-person/www.dodspeople.com/photos/62798.jpg.jpg
117,Rt Hon Harriet Harman QC MP,Camberwell and Peckham,1,https://assets3.parliament.uk/ext/mnis-bio-person/www.dodspeople.com/photos/25677.jpg.jpg
118,George Eustice MP,Camborne and Redruth,1,https://assets3.parliament.uk/ext/mnis-bio-person/www.dodspeople.com/photos/77092.jpg.jpg
119,Daniel Zeichner MP,Cambridge,1,https://assets3.parliament.uk/ext/mnis-bio-person/www.dodspeople.com/photos/35946.jpg.jpg
120,Rt Hon Stephen Barclay MP,North East Cambridgeshire,1,https://assets3.parliament.uk/ext/mnis-bio-person/www.dodspeople.com/photos/43499.jpg.jpg
121,Mr Shailesh Vara MP,North West Cambridgeshire,1,https://assets3.parliament.uk/ext/mnis-bio-person/www.dodspeople.com/photos/31684.jpg.jpg
122,Heidi Allen MP,South Cambridgeshire,1,https://assets3.parliament.uk/ext/mnis-bio-person/www.dodspeople.com/photos/127402.jpg.jpg
123,Lucy Frazer MP,South East Cambridgeshire,1,https://assets3.parliament.uk/ext/mnis-bio-person/www.dodspeople.com/photos/109472.jpg.jpg
124,Amanda Milling MP,Cannock Chase,1,https://assets3.parliament.uk/ext/mnis-bio-person/www.dodspeople.com/photos/126839.jpg.jpg
125,Rosie Duffield MP,Canterbury,1,https://assets3.parliament.uk/ext/mnis-bio-person/www.dodspeople.com/photos/147928.jpg.jpg
126,Jo Stevens MP,Cardiff Central,1,https://assets3.parliament.uk/ext/mnis-bio-person/www.dodspeople.com/photos/106240.jpg.jpg
127,Anna McMorrin MP,Cardiff North,1,https://assets3.parliament.uk/ext/mnis-bio-person/www.dodspeople.com/photos/92493.jpg.jpg
128,Stephen Doughty MP,Cardiff South and Penarth,1,https://assets3.parliament.uk/ext/mnis-bio-person/www.dodspeople.com/photos/61112.jpg.jpg
129,Kevin Brennan MP,Cardiff West,1,https://assets3.parliament.uk/ext/mnis-bio-person/www.dodspeople.com/photos/25777.jpg.jpg
130,John Stevenson MP,Carlisle,1,https://assets3.parliament.uk/ext/mnis-bio-person/www.dodspeople.com/photos/62784.jpg.jpg
131,Jonathan Edwards MP,Carmarthen East and Dinefwr,1,https://assets3.parliament.uk/ext/mnis-bio-person/www.dodspeople.com/photos/84388.jpg.jpg
132,Simon Hart MP,Carmarthen West and South Pembrokeshire,1,https://assets3.parliament.uk/ext/mnis-bio-person/www.dodspeople.com/photos/53927.jpg.jpg
133,Rt Hon Tom Brake MP,Carshalton and Wallington,1,https://assets3.parliament.uk/ext/mnis-bio-person/www.dodspeople.com/photos/25726.jpg.jpg
134,Rebecca Harris MP,Castle Point,1,https://assets3.parliament.uk/ext/mnis-bio-person/www.dodspeople.com/photos/73064.jpg.jpg
135,Ben Lake MP,Ceredigion,1,https://assets3.parliament.uk/ext/mnis-bio-person/www.dodspeople.com/photos/147949.jpg.jpg
136,Edward Argar MP,Charnwood,1,https://assets3.parliament.uk/ext/mnis-bio-person/www.dodspeople.com/photos/72241.jpg.jpg
137,Tracey Crouch MP,Chatham and Aylesford,1,https://assets3.parliament.uk/ext/mnis-bio-person/www.dodspeople.com/photos/54004.jpg.jpg
138,Mary Robinson MP,Cheadle,1,https://assets3.parliament.uk/ext/mnis-bio-person/www.dodspeople.com/photos/106168.jpg.jpg
139,Vicky Ford MP,Chelmsford,1,https://assets3.parliament.uk/ext/mnis-bio-person/www.dodspeople.com/photos/37672.jpg.jpg
140,Rt Hon Greg Hands MP,Chelsea and Fulham,1,https://assets3.parliament.uk/ext/mnis-bio-person/www.dodspeople.com/photos/35363.jpg.jpg
141,Alex Chalk MP,Cheltenham,1,https://assets3.parliament.uk/ext/mnis-bio-person/www.dodspeople.com/photos/105925.jpg.jpg
142,Rt Hon Dame Cheryl Gillan MP,Chesham and Amersham,1,https://assets3.parliament.uk/ext/mnis-bio-person/www.dodspeople.com/photos/25627.jpg.jpg
143,Christian Matheson MP,City of Chester,1,https://assets3.parliament.uk/ext/mnis-bio-person/www.dodspeople.com/photos/106119.jpg.jpg
144,Toby Perkins MP,Chesterfield,1,https://assets3.parliament.uk/ext/mnis-bio-person/www.dodspeople.com/photos/64625.jpg.jpg
145,Gillian Keegan MP,Chichester,1,https://assets3.parliament.uk/ext/mnis-bio-person/www.dodspeople.com/photos/136012.jpg.jpg
146,Rt Hon Iain Duncan Smith MP,Chingford and Woodford Green,1,https://assets3.parliament.uk/ext/mnis-bio-person/www.dodspeople.com/photos/25640.jpg.jpg
147,Michelle Donelan MP,Chippenham,1,https://assets3.parliament.uk/ext/mnis-bio-person/www.dodspeople.com/photos/84454.jpg.jpg
148,Rt Hon Theresa Villiers MP,Chipping Barnet,1,https://assets3.parliament.uk/ext/mnis-bio-person/www.dodspeople.com/photos/29179.jpg.jpg
149,Rt Hon Sir Lindsay Hoyle MP,Chorley,1,https://assets3.parliament.uk/ext/mnis-bio-person/www.dodspeople.com/photos/25512.jpg.jpg
150,Sir Christopher Chope MP,Christchurch,1,https://assets3.parliament.uk/ext/mnis-bio-person/www.dodspeople.com/photos/25799.jpg.jpg
151,Rt Hon Mark Field MP,Cities of London and Westminster,1,https://assets3.parliament.uk/ext/mnis-bio-person/www.dodspeople.com/photos/25535.jpg.jpg
152,Giles Watling MP,Clacton,1,https://assets3.parliament.uk/ext/mnis-bio-person/www.dodspeople.com/photos/125322.jpg.jpg
153,Martin Vickers MP,Cleethorpes,1,https://assets3.parliament.uk/ext/mnis-bio-person/www.dodspeople.com/photos/40371.jpg.jpg
154,Susan Elan Jones MP,Clwyd South,1,https://assets3.parliament.uk/ext/mnis-bio-person/www.dodspeople.com/photos/83418.jpg.jpg
155,Rt Hon David Jones MP,Clwyd West,1,https://assets3.parliament.uk/ext/mnis-bio-person/www.dodspeople.com/photos/31694.jpg.jpg
156,Hugh Gaffney MP,"Coatbridge, Chryston and Bellshill",1,https://assets3.parliament.uk/ext/mnis-bio-person/www.dodspeople.com/photos/142977.jpg.jpg
157,Will Quince MP,Colchester,1,https://assets3.parliament.uk/ext/mnis-bio-person/www.dodspeople.com/photos/77098.jpg.jpg
158,Thelma Walker MP,Colne Valley,1,https://assets3.parliament.uk/ext/mnis-bio-person/www.dodspeople.com/photos/148143.jpg.jpg
159,Fiona Bruce MP,Congleton,1,https://assets3.parliament.uk/ext/mnis-bio-person/www.dodspeople.com/photos/35510.jpg.jpg
160,Trudy Harrison MP,Copeland,1,https://assets3.parliament.uk/ext/mnis-bio-person/www.dodspeople.com/photos/147214.jpg.jpg
161,Tom Pursglove MP,Corby,1,https://assets3.parliament.uk/ext/mnis-bio-person/www.dodspeople.com/photos/101628.jpg.jpg
162,Scott Mann MP,North Cornwall,1,https://assets3.parliament.uk/ext/mnis-bio-person/www.dodspeople.com/photos/106116.jpg.jpg
163,Mrs Sheryll Murray MP,South East Cornwall,1,https://assets3.parliament.uk/ext/mnis-bio-person/www.dodspeople.com/photos/62747.jpg.jpg
164,Sir Geoffrey Clifton-Brown MP,The Cotswolds,1,https://assets3.parliament.uk/ext/mnis-bio-person/www.dodspeople.com/photos/25708.jpg.jpg
165,Colleen Fletcher MP,Coventry North East,1,https://assets3.parliament.uk/ext/mnis-bio-person/www.dodspeople.com/photos/109467.jpg.jpg
166,Mr Geoffrey Robinson MP,Coventry North West,1,https://assets3.parliament.uk/ext/mnis-bio-person/www.dodspeople.com/photos/25201.jpg.jpg
167,Mr Jim Cunningham MP,Coventry South,1,https://assets3.parliament.uk/ext/mnis-bio-person/www.dodspeople.com/photos/25575.jpg.jpg
168,Henry Smith MP,Crawley,1,https://assets3.parliament.uk/ext/mnis-bio-person/www.dodspeople.com/photos/35320.jpg.jpg
169,Laura Smith MP,Crewe and Nantwich,1,https://assets3.parliament.uk/ext/mnis-bio-person/www.dodspeople.com/photos/148159.jpg.jpg
170,Sarah Jones MP,Croydon Central,1,https://assets3.parliament.uk/ext/mnis-bio-person/www.dodspeople.com/photos/53636.jpg.jpg
171,Mr Steve Reed MP,Croydon North,1,https://assets3.parliament.uk/ext/mnis-bio-person/www.dodspeople.com/photos/101345.jpg.jpg
172,Chris Philp MP,Croydon South,1,https://assets3.parliament.uk/ext/mnis-bio-person/www.dodspeople.com/photos/62759.jpg.jpg
173,Stuart C. McDonald MP,"Cumbernauld, Kilsyth and Kirkintilloch East",1,https://assets3.parliament.uk/ext/mnis-bio-person/www.dodspeople.com/photos/136662.jpg.jpg
174,Rt Hon Ann Clwyd MP,Cynon Valley,1,https://assets3.parliament.uk/ext/mnis-bio-person/www.dodspeople.com/photos/25755.jpg.jpg
175,Jon Cruddas MP,Dagenham and Rainham,1,https://assets3.parliament.uk/ext/mnis-bio-person/www.dodspeople.com/photos/25577.jpg.jpg
176,Jenny Chapman MP,Darlington,1,https://assets3.parliament.uk/ext/mnis-bio-person/www.dodspeople.com/photos/83499.jpg.jpg
177,Gareth Johnson MP,Dartford,1,https://assets3.parliament.uk/ext/mnis-bio-person/www.dodspeople.com/photos/35325.jpg.jpg
178,Chris Heaton-Harris MP,Daventry,1,https://assets3.parliament.uk/ext/mnis-bio-person/www.dodspeople.com/photos/28244.jpg.jpg
179,Rt Hon David Hanson MP,Delyn,1,https://assets3.parliament.uk/ext/mnis-bio-person/www.dodspeople.com/photos/25676.jpg.jpg
180,Andrew Gwynne MP,Denton and Reddish,1,https://assets3.parliament.uk/ext/mnis-bio-person/www.dodspeople.com/photos/35894.jpg.jpg
181,Chris Williamson MP,Derby North,1,https://assets3.parliament.uk/ext/mnis-bio-person/www.dodspeople.com/photos/84368.jpg.jpg
182,Rt Hon Margaret Beckett MP,Derby South,1,https://assets3.parliament.uk/ext/mnis-bio-person/www.dodspeople.com/photos/25805.jpg.jpg
183,Rt Hon Sir Patrick McLoughlin MP,Derbyshire Dales,1,https://assets3.parliament.uk/ext/mnis-bio-person/www.dodspeople.com/photos/25481.jpg.jpg
184,Mrs Pauline Latham MP,Mid Derbyshire,1,https://assets3.parliament.uk/ext/mnis-bio-person/www.dodspeople.com/photos/41721.jpg.jpg
185,Lee Rowley MP,North East Derbyshire,1,https://assets3.parliament.uk/ext/mnis-bio-person/www.dodspeople.com/photos/83604.jpg.jpg
186,Mrs Heather Wheeler MP,South Derbyshire,1,https://assets3.parliament.uk/ext/mnis-bio-person/www.dodspeople.com/photos/35319.jpg.jpg
187,Rt Hon Claire Perry MP,Devizes,1,https://assets3.parliament.uk/ext/mnis-bio-person/www.dodspeople.com/photos/83522.jpg.jpg
188,Rt Hon Mel Stride MP,Central Devon,1,https://assets3.parliament.uk/ext/mnis-bio-person/www.dodspeople.com/photos/62786.jpg.jpg
189,Rt Hon Sir Hugo Swire MP,East Devon,1,https://assets3.parliament.uk/ext/mnis-bio-person/www.dodspeople.com/photos/25212.jpg.jpg
190,Peter Heaton-Jones MP,North Devon,1,https://assets3.parliament.uk/ext/mnis-bio-person/www.dodspeople.com/photos/100867.jpg.jpg
191,Sir Gary Streeter MP,South West Devon,1,https://assets3.parliament.uk/ext/mnis-bio-person/www.dodspeople.com/photos/25211.jpg.jpg
192,Rt Hon Geoffrey Cox QC MP,Torridge and West Devon,1,https://assets3.parliament.uk/ext/mnis-bio-person/www.dodspeople.com/photos/31700.jpg.jpg
193,Paula Sherriff MP,Dewsbury,1,https://assets3.parliament.uk/ext/mnis-bio-person/www.dodspeople.com/photos/108955.jpg.jpg
194,Rt Hon Caroline Flint MP,Don Valley,1,https://assets3.parliament.uk/ext/mnis-bio-person/www.dodspeople.com/photos/25645.jpg.jpg
195,Rt Hon Dame Rosie Winterton MP,Doncaster Central,1,https://assets3.parliament.uk/ext/mnis-bio-person/www.dodspeople.com/photos/25253.jpg.jpg
196,Rt Hon Edward Miliband MP,Doncaster North,1,https://assets3.parliament.uk/ext/mnis-bio-person/www.dodspeople.com/photos/40791.jpg.jpg
197,Michael Tomlinson MP,Mid Dorset and North Poole,1,https://assets3.parliament.uk/ext/mnis-bio-person/www.dodspeople.com/photos/106247.jpg.jpg
198,Simon Hoare MP,North Dorset,1,https://assets3.parliament.uk/ext/mnis-bio-person/www.dodspeople.com/photos/72275.jpg.jpg
199,Richard Drax MP,South Dorset,1,https://assets3.parliament.uk/ext/mnis-bio-person/www.dodspeople.com/photos/62850.jpg.jpg
200,Rt Hon Sir Oliver Letwin MP,West Dorset,1,https://assets3.parliament.uk/ext/mnis-bio-person/www.dodspeople.com/photos/25415.jpg.jpg
201,Charlie Elphicke MP,Dover,1,https://assets3.parliament.uk/ext/mnis-bio-person/www.dodspeople.com/photos/41646.jpg.jpg
202,Lady Hermon MP,North Down,1,https://assets3.parliament.uk/ext/mnis-bio-person/www.dodspeople.com/photos/25175.jpg.jpg
203,Chris Hazzard MP,South Down,1,https://assets3.parliament.uk/ext/mnis-bio-person/www.dodspeople.com/photos/96246.jpg.jpg
204,Ian Austin MP,Dudley North,1,https://assets3.parliament.uk/ext/mnis-bio-person/www.dodspeople.com/photos/19494.jpg.jpg
205,Mike Wood MP,Dudley South,1,https://assets3.parliament.uk/ext/mnis-bio-person/www.dodspeople.com/photos/132423.jpg.jpg
206,Helen Hayes MP,Dulwich and West Norwood,1,https://assets3.parliament.uk/ext/mnis-bio-person/www.dodspeople.com/photos/110373.jpg.jpg
207,Mr Alister Jack MP,Dumfries and Galloway,1,https://assets3.parliament.uk/ext/mnis-bio-person/www.dodspeople.com/photos/148300.jpg.jpg
208,Rt Hon David Mundell MP,"Dumfriesshire, Clydesdale and Tweeddale",1,https://assets3.parliament.uk/ext/mnis-bio-person/www.dodspeople.com/photos/32679.jpg.jpg
209,Jo Swinson MP,East Dunbartonshire,1,https://assets3.parliament.uk/ext/mnis-bio-person/www.dodspeople.com/photos/31661.jpg.jpg
210,Martin Docherty-Hughes MP,West Dunbartonshire,1,https://assets3.parliament.uk/ext/mnis-bio-person/www.dodspeople.com/photos/121941.jpg.jpg
211,Stewart Hosie MP,Dundee East,1,https://assets3.parliament.uk/ext/mnis-bio-person/www.dodspeople.com/photos/38317.jpg.jpg
212,Chris Law MP,Dundee West,1,https://assets3.parliament.uk/ext/mnis-bio-person/www.dodspeople.com/photos/137565.jpg.jpg
213,Douglas Chapman MP,Dunfermline and West Fife,1,https://assets3.parliament.uk/ext/mnis-bio-person/www.dodspeople.com/photos/38326.jpg.jpg
214,Dr Roberta Blackman-Woods MP,City of Durham,1,https://assets3.parliament.uk/ext/mnis-bio-person/www.dodspeople.com/photos/35889.jpg.jpg
215,Rt Hon Kevan Jones MP,North Durham,1,https://assets3.parliament.uk/ext/mnis-bio-person/www.dodspeople.com/photos/25525.jpg.jpg
216,Laura Pidcock MP,North West Durham,1,https://assets3.parliament.uk/ext/mnis-bio-person/www.dodspeople.com/photos/113757.jpg.jpg
217,Rt Hon Liz Saville Roberts MP,Dwyfor Meirionnydd,1,https://assets3.parliament.uk/ext/mnis-bio-person/www.dodspeople.com/photos/58063.jpg.jpg
218,Dr Rupa Huq MP,Ealing Central and Acton,1,https://assets3.parliament.uk/ext/mnis-bio-person/www.dodspeople.com/photos/38860.jpg.jpg
219,Stephen Pound MP,Ealing North,1,https://assets3.parliament.uk/ext/mnis-bio-person/www.dodspeople.com/photos/25409.jpg.jpg
220,Mr Virendra Sharma MP,"Ealing, Southall",1,https://assets3.parliament.uk/ext/mnis-bio-person/www.dodspeople.com/photos/61606.jpg.jpg
221,Grahame Morris MP,Easington,1,https://assets3.parliament.uk/ext/mnis-bio-person/www.dodspeople.com/photos/64630.jpg.jpg
222,Rt Hon Stephen Timms MP,East Ham,1,https://assets3.parliament.uk/ext/mnis-bio-person/www.dodspeople.com/photos/25278.jpg.jpg
223,Dr Lisa Cameron MP,"East Kilbride, Strathaven and Lesmahagow",1,https://assets3.parliament.uk/ext/mnis-bio-person/www.dodspeople.com/photos/138153.jpg.jpg
224,Martin Whitfield MP,East Lothian,1,https://assets3.parliament.uk/ext/mnis-bio-person/www.dodspeople.com/photos/148609.jpg.jpg
225,Stephen Lloyd MP,Eastbourne,1,https://assets3.parliament.uk/ext/mnis-bio-person/www.dodspeople.com/photos/31663.jpg.jpg
226,Mims Davies MP,Eastleigh,1,https://assets3.parliament.uk/ext/mnis-bio-person/www.dodspeople.com/photos/128904.jpg.jpg
227,Antoinette Sandbach MP,Eddisbury,1,https://assets3.parliament.uk/ext/mnis-bio-person/www.dodspeople.com/photos/58080.jpg.jpg
228,Tommy Sheppard MP,Edinburgh East,1,https://assets3.parliament.uk/ext/mnis-bio-person/www.dodspeople.com/photos/137173.jpg.jpg
229,Deidre Brock MP,Edinburgh North and Leith,1,https://assets3.parliament.uk/ext/mnis-bio-person/www.dodspeople.com/photos/121884.jpg.jpg
230,Ian Murray MP,Edinburgh South,1,https://assets3.parliament.uk/ext/mnis-bio-person/www.dodspeople.com/photos/85111.jpg.jpg
231,Joanna Cherry QC MP,Edinburgh South West,1,https://assets3.parliament.uk/ext/mnis-bio-person/www.dodspeople.com/photos/137578.jpg.jpg
232,Christine Jardine MP,Edinburgh West,1,https://assets3.parliament.uk/ext/mnis-bio-person/www.dodspeople.com/photos/91069.jpg.jpg
233,Kate Osamor MP,Edmonton,1,https://assets3.parliament.uk/ext/mnis-bio-person/www.dodspeople.com/photos/134269.jpg.jpg
234,Justin Madders MP,Ellesmere Port and Neston,1,https://assets3.parliament.uk/ext/mnis-bio-person/www.dodspeople.com/photos/36008.jpg.jpg
235,Alec Shelbrooke MP,Elmet and Rothwell,1,https://assets3.parliament.uk/ext/mnis-bio-person/www.dodspeople.com/photos/35500.jpg.jpg
236,Clive Efford MP,Eltham,1,https://assets3.parliament.uk/ext/mnis-bio-person/www.dodspeople.com/photos/25662.jpg.jpg
237,Rt Hon Joan Ryan MP,Enfield North,1,https://assets3.parliament.uk/ext/mnis-bio-person/www.dodspeople.com/photos/25365.jpg.jpg
238,Bambos Charalambous MP,"Enfield, Southgate",1,https://assets3.parliament.uk/ext/mnis-bio-person/www.dodspeople.com/photos/35903.jpg.jpg
239,Rt Hon Dame Eleanor Laing MP,Epping Forest,1,https://assets3.parliament.uk/ext/mnis-bio-person/www.dodspeople.com/photos/25182.jpg.jpg
240,Rt Hon Chris Grayling MP,Epsom and Ewell,1,https://assets3.parliament.uk/ext/mnis-bio-person/www.dodspeople.com/photos/25172.jpg.jpg
241,Maggie Throup MP,Erewash,1,https://assets3.parliament.uk/ext/mnis-bio-person/www.dodspeople.com/photos/37796.jpg.jpg
242,Teresa Pearce MP,Erith and Thamesmead,1,https://assets3.parliament.uk/ext/mnis-bio-person/www.dodspeople.com/photos/79865.jpg.jpg
243,Rt Hon Dominic Raab MP,Esher and Walton,1,https://assets3.parliament.uk/ext/mnis-bio-person/www.dodspeople.com/photos/83496.jpg.jpg
244,Rt Hon Ben Bradshaw MP,Exeter,1,https://assets3.parliament.uk/ext/mnis-bio-person/www.dodspeople.com/photos/25160.jpg.jpg
245,John McNally MP,Falkirk,1,https://assets3.parliament.uk/ext/mnis-bio-person/www.dodspeople.com/photos/74749.jpg.jpg
246,Suella Braverman MP,Fareham,1,https://assets3.parliament.uk/ext/mnis-bio-person/www.dodspeople.com/photos/138038.jpg.jpg
247,Helen Whately MP,Faversham and Mid Kent,1,https://assets3.parliament.uk/ext/mnis-bio-person/www.dodspeople.com/photos/137998.jpg.jpg
248,Seema Malhotra MP,Feltham and Heston,1,https://assets3.parliament.uk/ext/mnis-bio-person/www.dodspeople.com/photos/95400.jpg.jpg
249,Michelle Gildernew MP,Fermanagh and South Tyrone,1,https://assets3.parliament.uk/ext/mnis-bio-person/www.dodspeople.com/photos/25626.jpg.jpg
250,Stephen Gethins MP,North East Fife,1,https://assets3.parliament.uk/ext/mnis-bio-person/www.dodspeople.com/photos/137229.jpg.jpg
251,Jack Lopresti MP,Filton and Bradley Stoke,1,https://assets3.parliament.uk/ext/mnis-bio-person/www.dodspeople.com/photos/41628.jpg.jpg
252,Mike Freer MP,Finchley and Golders Green,1,https://assets3.parliament.uk/ext/mnis-bio-person/www.dodspeople.com/photos/35366.jpg.jpg
253,Damian Collins MP,Folkestone and Hythe,1,https://assets3.parliament.uk/ext/mnis-bio-person/www.dodspeople.com/photos/35404.jpg.jpg
254,Rt Hon Mark Harper MP,Forest of Dean,1,https://assets3.parliament.uk/ext/mnis-bio-person/www.dodspeople.com/photos/31687.jpg.jpg
255,Elisha McCallion MP,Foyle,1,https://assets3.parliament.uk/ext/mnis-bio-person/www.dodspeople.com/photos/122191.jpg.jpg
256,Mark Menzies MP,Fylde,1,https://assets3.parliament.uk/ext/mnis-bio-person/www.dodspeople.com/photos/31587.jpg.jpg
257,Rt Hon Sir Edward Leigh MP,Gainsborough,1,https://assets3.parliament.uk/ext/mnis-bio-person/www.dodspeople.com/photos/25183.jpg.jpg
258,Maria Eagle MP,Garston and Halewood,1,https://assets3.parliament.uk/ext/mnis-bio-person/www.dodspeople.com/photos/25660.jpg.jpg
259,Ian Mearns MP,Gateshead,1,https://assets3.parliament.uk/ext/mnis-bio-person/www.dodspeople.com/photos/84679.jpg.jpg
260,Vernon Coaker MP,Gedling,1,https://assets3.parliament.uk/ext/mnis-bio-person/www.dodspeople.com/photos/25758.jpg.jpg
261,Rehman Chishti MP,Gillingham and Rainham,1,https://assets3.parliament.uk/ext/mnis-bio-person/www.dodspeople.com/photos/35922.jpg.jpg
262,Alison Thewliss MP,Glasgow Central,1,https://assets3.parliament.uk/ext/mnis-bio-person/www.dodspeople.com/photos/121936.jpg.jpg
263,David Linden MP,Glasgow East,1,https://assets3.parliament.uk/ext/mnis-bio-person/www.dodspeople.com/photos/148035.jpg.jpg
264,Patrick Grady MP,Glasgow North,1,https://assets3.parliament.uk/ext/mnis-bio-person/www.dodspeople.com/photos/74751.jpg.jpg
265,Mr Paul Sweeney MP,Glasgow North East,1,https://assets3.parliament.uk/ext/mnis-bio-person/www.dodspeople.com/photos/143100.jpg.jpg
266,Carol Monaghan MP,Glasgow North West,1,https://assets3.parliament.uk/ext/mnis-bio-person/www.dodspeople.com/photos/137172.jpg.jpg
267,Stewart Malcolm McDonald MP,Glasgow South,1,https://assets3.parliament.uk/ext/mnis-bio-person/www.dodspeople.com/photos/137276.jpg.jpg
268,Chris Stephens MP,Glasgow South West,1,https://assets3.parliament.uk/ext/mnis-bio-person/www.dodspeople.com/photos/43113.jpg.jpg
269,Peter Grant MP,Glenrothes,1,https://assets3.parliament.uk/ext/mnis-bio-person/www.dodspeople.com/photos/74701.jpg.jpg
270,Richard Graham MP,Gloucester,1,https://assets3.parliament.uk/ext/mnis-bio-person/www.dodspeople.com/photos/62688.jpg.jpg
271,Colin Clark MP,Gordon,1,https://assets3.parliament.uk/ext/mnis-bio-person/www.dodspeople.com/photos/134555.jpg.jpg
272,Caroline Dinenage MP,Gosport,1,https://assets3.parliament.uk/ext/mnis-bio-person/www.dodspeople.com/photos/35430.jpg.jpg
273,Tonia Antoniazzi MP,Gower,1,https://assets3.parliament.uk/ext/mnis-bio-person/www.dodspeople.com/photos/143230.jpg.jpg
274,Nick Boles MP,Grantham and Stamford,1,https://assets3.parliament.uk/ext/mnis-bio-person/www.dodspeople.com/photos/35373.jpg.jpg
275,Adam Holloway MP,Gravesham,1,https://assets3.parliament.uk/ext/mnis-bio-person/www.dodspeople.com/photos/35356.jpg.jpg
276,Melanie Onn MP,Great Grimsby,1,https://assets3.parliament.uk/ext/mnis-bio-person/www.dodspeople.com/photos/133966.jpg.jpg
277,Rt Hon Brandon Lewis MP,Great Yarmouth,1,https://assets3.parliament.uk/ext/mnis-bio-person/www.dodspeople.com/photos/43555.jpg.jpg
278,Matthew Pennycook MP,Greenwich and Woolwich,1,https://assets3.parliament.uk/ext/mnis-bio-person/www.dodspeople.com/photos/109310.jpg.jpg
279,Rt Hon Anne Milton MP,Guildford,1,https://assets3.parliament.uk/ext/mnis-bio-person/www.dodspeople.com/photos/35360.jpg.jpg
280,Rt Hon Diane Abbott MP,Hackney North and Stoke Newington,1,https://assets3.parliament.uk/ext/mnis-bio-person/www.dodspeople.com/photos/25790.jpg.jpg
281,Meg Hillier MP,Hackney South and Shoreditch,1,https://assets3.parliament.uk/ext/mnis-bio-person/www.dodspeople.com/photos/35914.jpg.jpg
282,James Morris MP,Halesowen and Rowley Regis,1,https://assets3.parliament.uk/ext/mnis-bio-person/www.dodspeople.com/photos/74640.jpg.jpg
283,Holly Lynch MP,Halifax,1,https://assets3.parliament.uk/ext/mnis-bio-person/www.dodspeople.com/photos/138673.jpg.jpg
284,Rt Hon David Davis MP,Haltemprice and Howden,1,https://assets3.parliament.uk/ext/mnis-bio-person/www.dodspeople.com/photos/25643.jpg.jpg
285,Derek Twigg MP,Halton,1,https://assets3.parliament.uk/ext/mnis-bio-person/www.dodspeople.com/photos/25293.jpg.jpg
286,Andy Slaughter MP,Hammersmith,1,https://assets3.parliament.uk/ext/mnis-bio-person/www.dodspeople.com/photos/35897.jpg.jpg
287,Rt Hon Damian Hinds MP,East Hampshire,1,https://assets3.parliament.uk/ext/mnis-bio-person/www.dodspeople.com/photos/35480.jpg.jpg
288,Mr Ranil Jayawardena MP,North East Hampshire,1,https://assets3.parliament.uk/ext/mnis-bio-person/www.dodspeople.com/photos/92009.jpg.jpg
289,Kit Malthouse MP,North West Hampshire,1,https://assets3.parliament.uk/ext/mnis-bio-person/www.dodspeople.com/photos/96015.jpg.jpg
290,Tulip Siddiq MP,Hampstead and Kilburn,1,https://assets3.parliament.uk/ext/mnis-bio-person/www.dodspeople.com/photos/106201.jpg.jpg
291,Neil O'Brien MP,Harborough,1,https://assets3.parliament.uk/ext/mnis-bio-person/www.dodspeople.com/photos/58531.jpg.jpg
292,Rt Hon Robert Halfon MP,Harlow,1,https://assets3.parliament.uk/ext/mnis-bio-person/www.dodspeople.com/photos/31730.jpg.jpg
293,Andrew Jones MP,Harrogate and Knaresborough,1,https://assets3.parliament.uk/ext/mnis-bio-person/www.dodspeople.com/photos/41851.jpg.jpg
294,Bob Blackman MP,Harrow East,1,https://assets3.parliament.uk/ext/mnis-bio-person/www.dodspeople.com/photos/37675.jpg.jpg
295,Gareth Thomas MP,Harrow West,1,https://assets3.parliament.uk/ext/mnis-bio-person/www.dodspeople.com/photos/25273.jpg.jpg
296,Mike Hill MP,Hartlepool,1,https://assets3.parliament.uk/ext/mnis-bio-person/www.dodspeople.com/photos/136671.jpg.jpg
297,Sir Bernard Jenkin MP,Harwich and North Essex,1,https://assets3.parliament.uk/ext/mnis-bio-person/www.dodspeople.com/photos/25515.jpg.jpg
298,Rt Hon Amber Rudd MP,Hastings and Rye,1,https://assets3.parliament.uk/ext/mnis-bio-person/www.dodspeople.com/photos/41303.jpg.jpg
299,Alan Mak MP,Havant,1,https://assets3.parliament.uk/ext/mnis-bio-person/www.dodspeople.com/photos/136491.jpg.jpg
300,Rt Hon John McDonnell MP,Hayes and Harlington,1,https://assets3.parliament.uk/ext/mnis-bio-person/www.dodspeople.com/photos/25474.jpg.jpg
301,Mr William Wragg MP,Hazel Grove,1,https://assets3.parliament.uk/ext/mnis-bio-person/www.dodspeople.com/photos/106418.jpg.jpg
302,Rt Hon Sir Mike Penning MP,Hemel Hempstead,1,https://assets3.parliament.uk/ext/mnis-bio-person/www.dodspeople.com/photos/31734.jpg.jpg
303,Jon Trickett MP,Hemsworth,1,https://assets3.parliament.uk/ext/mnis-bio-person/www.dodspeople.com/photos/25290.jpg.jpg
304,Dr Matthew Offord MP,Hendon,1,https://assets3.parliament.uk/ext/mnis-bio-person/www.dodspeople.com/photos/42618.jpg.jpg
305,John Howell MP,Henley,1,https://assets3.parliament.uk/ext/mnis-bio-person/www.dodspeople.com/photos/72787.jpg.jpg
306,Jesse Norman MP,Hereford and South Herefordshire,1,https://assets3.parliament.uk/ext/mnis-bio-person/www.dodspeople.com/photos/51624.jpg.jpg
307,Bill Wiggin MP,North Herefordshire,1,https://assets3.parliament.uk/ext/mnis-bio-person/www.dodspeople.com/photos/25244.jpg.jpg
308,Mr Mark Prisk MP,Hertford and Stortford,1,https://assets3.parliament.uk/ext/mnis-bio-person/www.dodspeople.com/photos/25334.jpg.jpg
309,Rt Hon Sir Oliver Heald QC MP,North East Hertfordshire,1,https://assets3.parliament.uk/ext/mnis-bio-person/www.dodspeople.com/photos/25566.jpg.jpg
310,Rt Hon David Gauke MP,South West Hertfordshire,1,https://assets3.parliament.uk/ext/mnis-bio-person/www.dodspeople.com/photos/31647.jpg.jpg
311,Oliver Dowden MP,Hertsmere,1,https://assets3.parliament.uk/ext/mnis-bio-person/www.dodspeople.com/photos/92550.jpg.jpg
312,Guy Opperman MP,Hexham,1,https://assets3.parliament.uk/ext/mnis-bio-person/www.dodspeople.com/photos/41334.jpg.jpg
313,Liz McInnes MP,Heywood and Middleton,1,https://assets3.parliament.uk/ext/mnis-bio-person/www.dodspeople.com/photos/114939.jpg.jpg
314,Ruth George MP,High Peak,1,https://assets3.parliament.uk/ext/mnis-bio-person/www.dodspeople.com/photos/148806.jpg.jpg
315,Bim Afolami MP,Hitchin and Harpenden,1,https://assets3.parliament.uk/ext/mnis-bio-person/www.dodspeople.com/photos/133811.jpg.jpg
316,Rt Hon Keir Starmer MP,Holborn and St Pancras,1,https://assets3.parliament.uk/ext/mnis-bio-person/www.dodspeople.com/photos/75589.jpg.jpg
317,Julia Lopez MP,Hornchurch and Upminster,1,https://assets3.parliament.uk/ext/mnis-bio-person/www.dodspeople.com/photos/132474.jpg.jpg
318,Catherine West MP,Hornsey and Wood Green,1,https://assets3.parliament.uk/ext/mnis-bio-person/www.dodspeople.com/photos/106391.jpg.jpg
319,Jeremy Quin MP,Horsham,1,https://assets3.parliament.uk/ext/mnis-bio-person/www.dodspeople.com/photos/138505.jpg.jpg
320,Bridget Phillipson MP,Houghton and Sunderland South,1,https://assets3.parliament.uk/ext/mnis-bio-person/www.dodspeople.com/photos/79095.jpg.jpg
321,Peter Kyle MP,Hove,1,https://assets3.parliament.uk/ext/mnis-bio-person/www.dodspeople.com/photos/54213.jpg.jpg
322,Mr Barry Sheerman MP,Huddersfield,1,https://assets3.parliament.uk/ext/mnis-bio-person/www.dodspeople.com/photos/25297.jpg.jpg
323,Karl Turner MP,Kingston upon Hull East,1,https://assets3.parliament.uk/ext/mnis-bio-person/www.dodspeople.com/photos/72313.jpg.jpg
324,Diana Johnson MP,Kingston upon Hull North,1,https://assets3.parliament.uk/ext/mnis-bio-person/www.dodspeople.com/photos/35928.jpg.jpg
325,Emma Hardy MP,Kingston upon Hull West and Hessle,1,https://assets3.parliament.uk/ext/mnis-bio-person/www.dodspeople.com/photos/148271.jpg.jpg
326,Mr Jonathan Djanogly MP,Huntingdon,1,https://assets3.parliament.uk/ext/mnis-bio-person/www.dodspeople.com/photos/25639.jpg.jpg
327,Graham P Jones MP,Hyndburn,1,https://assets3.parliament.uk/ext/mnis-bio-person/www.dodspeople.com/photos/83620.jpg.jpg
328,Wes Streeting MP,Ilford North,1,https://assets3.parliament.uk/ext/mnis-bio-person/www.dodspeople.com/photos/108876.jpg.jpg
329,Mike Gapes MP,Ilford South,1,https://assets3.parliament.uk/ext/mnis-bio-person/www.dodspeople.com/photos/25650.jpg.jpg
330,Ronnie Cowan MP,Inverclyde,1,https://assets3.parliament.uk/ext/mnis-bio-person/www.dodspeople.com/photos/138155.jpg.jpg
331,Drew Hendry MP,"Inverness, Nairn, Badenoch and Strathspey",1,https://assets3.parliament.uk/ext/mnis-bio-person/www.dodspeople.com/photos/77858.jpg.jpg
332,Sandy Martin MP,Ipswich,1,https://assets3.parliament.uk/ext/mnis-bio-person/www.dodspeople.com/photos/107121.jpg.jpg
333,Mr Bob Seely MP,Isle of Wight,1,https://assets3.parliament.uk/ext/mnis-bio-person/www.dodspeople.com/photos/35259.jpg.jpg
334,Rt Hon Jeremy Corbyn MP,Islington North,1,https://assets3.parliament.uk/ext/mnis-bio-person/www.dodspeople.com/photos/25692.jpg.jpg
335,Rt Hon Emily Thornberry MP,Islington South and Finsbury,1,https://assets3.parliament.uk/ext/mnis-bio-person/www.dodspeople.com/photos/35925.jpg.jpg
336,Chris Evans MP,Islwyn,1,https://assets3.parliament.uk/ext/mnis-bio-person/www.dodspeople.com/photos/84900.jpg.jpg
337,Mr Stephen Hepburn MP,Jarrow,1,https://assets3.parliament.uk/ext/mnis-bio-person/www.dodspeople.com/photos/25595.jpg.jpg
338,John Grogan MP,Keighley,1,https://assets3.parliament.uk/ext/mnis-bio-person/www.dodspeople.com/photos/25549.jpg.jpg
339,Rt Hon Jeremy Wright QC MP,Kenilworth and Southam,1,https://assets3.parliament.uk/ext/mnis-bio-person/www.dodspeople.com/photos/35436.jpg.jpg
340,Emma Dent Coad MP,Kensington,1,https://assets3.parliament.uk/ext/mnis-bio-person/www.dodspeople.com/photos/148258.jpg.jpg
341,Mr Philip Hollobone MP,Kettering,1,https://assets3.parliament.uk/ext/mnis-bio-person/www.dodspeople.com/photos/31683.jpg.jpg
342,Alan Brown MP,Kilmarnock and Loudoun,1,https://assets3.parliament.uk/ext/mnis-bio-person/www.dodspeople.com/photos/122026.jpg.jpg
343,Rt Hon Sir Edward Davey MP,Kingston and Surbiton,1,https://assets3.parliament.uk/ext/mnis-bio-person/www.dodspeople.com/photos/25694.jpg.jpg
344,Chris Skidmore MP,Kingswood,1,https://assets3.parliament.uk/ext/mnis-bio-person/www.dodspeople.com/photos/62314.jpg.jpg
345,Lesley Laird MP,Kirkcaldy and Cowdenbeath,1,https://assets3.parliament.uk/ext/mnis-bio-person/www.dodspeople.com/photos/118123.jpg.jpg
346,Rt Hon George Howarth MP,Knowsley,1,https://assets3.parliament.uk/ext/mnis-bio-person/www.dodspeople.com/photos/25504.jpg.jpg
347,Rt Hon Sir Jeffrey M. Donaldson MP,Lagan Valley,1,https://assets3.parliament.uk/ext/mnis-bio-person/www.dodspeople.com/photos/25697.jpg.jpg
348,Angela Crawley MP,Lanark and Hamilton East,1,https://assets3.parliament.uk/ext/mnis-bio-person/www.dodspeople.com/photos/122103.jpg.jpg
349,Rosie Cooper MP,West Lancashire,1,https://assets3.parliament.uk/ext/mnis-bio-person/www.dodspeople.com/photos/38898.jpg.jpg
350,Cat Smith MP,Lancaster and Fleetwood,1,https://assets3.parliament.uk/ext/mnis-bio-person/www.dodspeople.com/photos/85177.jpg.jpg
351,Rt Hon Hilary Benn MP,Leeds Central,1,https://assets3.parliament.uk/ext/mnis-bio-person/www.dodspeople.com/photos/25735.jpg.jpg
352,Richard Burgon MP,Leeds East,1,https://assets3.parliament.uk/ext/mnis-bio-person/www.dodspeople.com/photos/109804.jpg.jpg
353,Fabian Hamilton MP,Leeds North East,1,https://assets3.parliament.uk/ext/mnis-bio-person/www.dodspeople.com/photos/25563.jpg.jpg
354,Alex Sobel MP,Leeds North West,1,https://assets3.parliament.uk/ext/mnis-bio-person/www.dodspeople.com/photos/35855.jpg.jpg
355,Rachel Reeves MP,Leeds West,1,https://assets3.parliament.uk/ext/mnis-bio-person/www.dodspeople.com/photos/35872.jpg.jpg
356,Rt Hon Keith Vaz MP,Leicester East,1,https://assets3.parliament.uk/ext/mnis-bio-person/www.dodspeople.com/photos/25232.jpg.jpg
357,Jonathan Ashworth MP,Leicester South,1,https://assets3.parliament.uk/ext/mnis-bio-person/www.dodspeople.com/photos/27620.jpg.jpg
358,Liz Kendall MP,Leicester West,1,https://assets3.parliament.uk/ext/mnis-bio-person/www.dodspeople.com/photos/36386.jpg.jpg
359,Andrew Bridgen MP,North West Leicestershire,1,https://assets3.parliament.uk/ext/mnis-bio-person/www.dodspeople.com/photos/62823.jpg.jpg
360,Alberto Costa MP,South Leicestershire,1,https://assets3.parliament.uk/ext/mnis-bio-person/www.dodspeople.com/photos/72255.jpg.jpg
361,Jo Platt MP,Leigh,1,https://assets3.parliament.uk/ext/mnis-bio-person/www.dodspeople.com/photos/123515.jpg.jpg
362,Maria Caulfield MP,Lewes,1,https://assets3.parliament.uk/ext/mnis-bio-person/www.dodspeople.com/photos/84398.jpg.jpg
363,Vicky Foxcroft MP,"Lewisham, Deptford",1,https://assets3.parliament.uk/ext/mnis-bio-person/www.dodspeople.com/photos/106000.jpg.jpg
364,Janet Daby MP,Lewisham East,1,https://assets3.parliament.uk/ext/mnis-bio-person/www.dodspeople.com/photos/114626.jpg.jpg
365,Ellie Reeves MP,Lewisham West and Penge,1,https://assets3.parliament.uk/ext/mnis-bio-person/www.dodspeople.com/photos/76850.jpg.jpg
366,John Cryer MP,Leyton and Wanstead,1,https://assets3.parliament.uk/ext/mnis-bio-person/www.dodspeople.com/photos/25579.jpg.jpg
367,Michael Fabricant MP,Lichfield,1,https://assets3.parliament.uk/ext/mnis-bio-person/www.dodspeople.com/photos/25587.jpg.jpg
368,Karen Lee MP,Lincoln,1,https://assets3.parliament.uk/ext/mnis-bio-person/www.dodspeople.com/photos/112980.jpg.jpg
369,Martyn Day MP,Linlithgow and East Falkirk,1,https://assets3.parliament.uk/ext/mnis-bio-person/www.dodspeople.com/photos/121869.jpg.jpg
370,Dame Louise Ellman MP,"Liverpool, Riverside",1,https://assets3.parliament.uk/ext/mnis-bio-person/www.dodspeople.com/photos/25701.jpg.jpg
371,Dan Carden MP,"Liverpool, Walton",1,https://assets3.parliament.uk/ext/mnis-bio-person/www.dodspeople.com/photos/148167.jpg.jpg
372,Luciana Berger MP,"Liverpool, Wavertree",1,https://assets3.parliament.uk/ext/mnis-bio-person/www.dodspeople.com/photos/83726.jpg.jpg
373,Stephen Twigg MP,"Liverpool, West Derby",1,https://assets3.parliament.uk/ext/mnis-bio-person/www.dodspeople.com/photos/25294.jpg.jpg
374,Hannah Bardell MP,Livingston,1,https://assets3.parliament.uk/ext/mnis-bio-person/www.dodspeople.com/photos/137601.jpg.jpg
375,Nia Griffith MP,Llanelli,1,https://assets3.parliament.uk/ext/mnis-bio-person/www.dodspeople.com/photos/37590.jpg.jpg
376,Mr Gregory Campbell MP,East Londonderry,1,https://assets3.parliament.uk/ext/mnis-bio-person/www.dodspeople.com/photos/25794.jpg.jpg
377,Rt Hon Nicky Morgan MP,Loughborough,1,https://assets3.parliament.uk/ext/mnis-bio-person/www.dodspeople.com/photos/31696.jpg.jpg
378,Victoria Atkins MP,Louth and Horncastle,1,https://assets3.parliament.uk/ext/mnis-bio-person/www.dodspeople.com/photos/133995.jpg.jpg
379,Rt Hon Philip Dunne MP,Ludlow,1,https://assets3.parliament.uk/ext/mnis-bio-person/www.dodspeople.com/photos/35388.jpg.jpg
380,Kelvin Hopkins MP,Luton North,1,https://assets3.parliament.uk/ext/mnis-bio-person/www.dodspeople.com/photos/25583.jpg.jpg
381,Mr Gavin Shuker MP,Luton South,1,https://assets3.parliament.uk/ext/mnis-bio-person/www.dodspeople.com/photos/83624.jpg.jpg
382,David Rutley MP,Macclesfield,1,https://assets3.parliament.uk/ext/mnis-bio-person/www.dodspeople.com/photos/83409.jpg.jpg
383,Rt Hon Theresa May MP,Maidenhead,1,https://assets3.parliament.uk/ext/mnis-bio-person/www.dodspeople.com/photos/25452.jpg.jpg
384,Mrs Helen Grant MP,Maidstone and The Weald,1,https://assets3.parliament.uk/ext/mnis-bio-person/www.dodspeople.com/photos/72264.jpg.jpg
385,Yvonne Fovargue MP,Makerfield,1,https://assets3.parliament.uk/ext/mnis-bio-person/www.dodspeople.com/photos/84359.jpg.jpg
386,Rt Hon John Whittingdale MP,Maldon,1,https://assets3.parliament.uk/ext/mnis-bio-person/www.dodspeople.com/photos/25239.jpg.jpg
387,Lucy Powell MP,Manchester Central,1,https://assets3.parliament.uk/ext/mnis-bio-person/www.dodspeople.com/photos/60214.jpg.jpg
388,Afzal Khan MP,"Manchester, Gorton",1,https://assets3.parliament.uk/ext/mnis-bio-person/www.dodspeople.com/photos/107134.jpg.jpg
389,Jeff Smith MP,"Manchester, Withington",1,https://assets3.parliament.uk/ext/mnis-bio-person/www.dodspeople.com/photos/106236.jpg.jpg
390,Ben Bradley MP,Mansfield,1,https://assets3.parliament.uk/ext/mnis-bio-person/www.dodspeople.com/photos/147915.jpg.jpg
391,George Hollingbery MP,Meon Valley,1,https://assets3.parliament.uk/ext/mnis-bio-person/www.dodspeople.com/photos/35515.jpg.jpg
392,Rt Hon Dame Caroline Spelman MP,Meriden,1,https://assets3.parliament.uk/ext/mnis-bio-person/www.dodspeople.com/photos/25318.jpg.jpg
393,Gerald Jones MP,Merthyr Tydfil and Rhymney,1,https://assets3.parliament.uk/ext/mnis-bio-person/www.dodspeople.com/photos/35103.jpg.jpg
394,Andy McDonald MP,Middlesbrough,1,https://assets3.parliament.uk/ext/mnis-bio-person/www.dodspeople.com/photos/101338.jpg.jpg
395,Mr Simon Clarke MP,Middlesbrough South and East Cleveland,1,https://assets3.parliament.uk/ext/mnis-bio-person/www.dodspeople.com/photos/136771.jpg.jpg
396,Danielle Rowley MP,Midlothian,1,https://assets3.parliament.uk/ext/mnis-bio-person/www.dodspeople.com/photos/149078.jpg.jpg
397,Rt Hon Mark Lancaster MP,Milton Keynes North,1,https://assets3.parliament.uk/ext/mnis-bio-person/www.dodspeople.com/photos/31593.jpg.jpg
398,Iain Stewart MP,Milton Keynes South,1,https://assets3.parliament.uk/ext/mnis-bio-person/www.dodspeople.com/photos/31728.jpg.jpg
399,Siobhain McDonagh MP,Mitcham and Morden,1,https://assets3.parliament.uk/ext/mnis-bio-person/www.dodspeople.com/photos/25421.jpg.jpg
400,Sir Paul Beresford MP,Mole Valley,1,https://assets3.parliament.uk/ext/mnis-bio-person/www.dodspeople.com/photos/25158.jpg.jpg
401,David T. C. Davies MP,Monmouth,1,https://assets3.parliament.uk/ext/mnis-bio-person/www.dodspeople.com/photos/33522.jpg.jpg
402,Glyn Davies MP,Montgomeryshire,1,https://assets3.parliament.uk/ext/mnis-bio-person/www.dodspeople.com/photos/33513.jpg.jpg
403,Douglas Ross MP,Moray,1,https://assets3.parliament.uk/ext/mnis-bio-person/www.dodspeople.com/photos/64597.jpg.jpg
404,David Morris MP,Morecambe and Lunesdale,1,https://assets3.parliament.uk/ext/mnis-bio-person/www.dodspeople.com/photos/31581.jpg.jpg
405,Andrea Jenkyns MP,Morley and Outwood,1,https://assets3.parliament.uk/ext/mnis-bio-person/www.dodspeople.com/photos/106020.jpg.jpg
406,Marion Fellows MP,Motherwell and Wishaw,1,https://assets3.parliament.uk/ext/mnis-bio-person/www.dodspeople.com/photos/58114.jpg.jpg
407,Angus Brendan MacNeil MP,Na h-Eileanan an Iar,1,https://assets3.parliament.uk/ext/mnis-bio-person/www.dodspeople.com/photos/38376.jpg.jpg
408,Christina Rees MP,Neath,1,https://assets3.parliament.uk/ext/mnis-bio-person/www.dodspeople.com/photos/91697.jpg.jpg
409,Rt Hon Dr Julian Lewis MP,New Forest East,1,https://assets3.parliament.uk/ext/mnis-bio-person/www.dodspeople.com/photos/25560.jpg.jpg
410,Rt Hon Sir Desmond Swayne MP,New Forest West,1,https://assets3.parliament.uk/ext/mnis-bio-person/www.dodspeople.com/photos/25258.jpg.jpg
411,Robert Jenrick MP,Newark,1,https://assets3.parliament.uk/ext/mnis-bio-person/www.dodspeople.com/photos/77370.jpg.jpg
412,Rt Hon Richard Benyon MP,Newbury,1,https://assets3.parliament.uk/ext/mnis-bio-person/www.dodspeople.com/photos/35394.jpg.jpg
413,Paul Farrelly MP,Newcastle-under-Lyme,1,https://assets3.parliament.uk/ext/mnis-bio-person/www.dodspeople.com/photos/25533.jpg.jpg
414,Chi Onwurah MP,Newcastle upon Tyne Central,1,https://assets3.parliament.uk/ext/mnis-bio-person/www.dodspeople.com/photos/83135.jpg.jpg
415,Rt Hon Nicholas Brown MP,Newcastle upon Tyne East,1,https://assets3.parliament.uk/ext/mnis-bio-person/www.dodspeople.com/photos/25744.jpg.jpg
416,Catherine McKinnell MP,Newcastle upon Tyne North,1,https://assets3.parliament.uk/ext/mnis-bio-person/www.dodspeople.com/photos/83507.jpg.jpg
417,Jessica Morden MP,Newport East,1,https://assets3.parliament.uk/ext/mnis-bio-person/www.dodspeople.com/photos/39384.jpg.jpg
418,By-election on 4 April 2019,Newport West,1,https://upload.wikimedia.org/wikipedia/commons/thumb/4/45/NewportWest2007Constituency.svg/240px-NewportWest2007Constituency.svg.png
419,Mickey Brady MP,Newry and Armagh,1,https://assets3.parliament.uk/ext/mnis-bio-person/www.dodspeople.com/photos/58941.jpg.jpg
420,Anne Marie Morris MP,Newton Abbot,1,https://assets3.parliament.uk/ext/mnis-bio-person/www.dodspeople.com/photos/62737.jpg.jpg
421,George Freeman MP,Mid Norfolk,1,https://assets3.parliament.uk/ext/mnis-bio-person/www.dodspeople.com/photos/35463.jpg.jpg
422,Rt Hon Norman Lamb MP,North Norfolk,1,https://assets3.parliament.uk/ext/mnis-bio-person/www.dodspeople.com/photos/25458.jpg.jpg
423,Sir Henry Bellingham MP,North West Norfolk,1,https://assets3.parliament.uk/ext/mnis-bio-person/www.dodspeople.com/photos/25734.jpg.jpg
424,Mr Richard Bacon MP,South Norfolk,1,https://assets3.parliament.uk/ext/mnis-bio-person/www.dodspeople.com/photos/25783.jpg.jpg
425,Rt Hon Elizabeth Truss MP,South West Norfolk,1,https://assets3.parliament.uk/ext/mnis-bio-person/www.dodspeople.com/photos/40370.jpg.jpg
426,Rt Hon Yvette Cooper MP,"Normanton, Pontefract and Castleford",1,https://assets3.parliament.uk/ext/mnis-bio-person/www.dodspeople.com/photos/25691.jpg.jpg
427,Michael Ellis MP,Northampton North,1,https://assets3.parliament.uk/ext/mnis-bio-person/www.dodspeople.com/photos/62852.jpg.jpg
428,Andrew Lewer MP,Northampton South,1,https://assets3.parliament.uk/ext/mnis-bio-person/www.dodspeople.com/photos/107202.jpg.jpg
429,Rt Hon Andrea Leadsom MP,South Northamptonshire,1,https://assets3.parliament.uk/ext/mnis-bio-person/www.dodspeople.com/photos/40456.jpg.jpg
430,Chloe Smith MP,Norwich North,1,https://assets3.parliament.uk/ext/mnis-bio-person/www.dodspeople.com/photos/72302.jpg.jpg
431,Clive Lewis MP,Norwich South,1,https://assets3.parliament.uk/ext/mnis-bio-person/www.dodspeople.com/photos/106025.jpg.jpg
432,Mr Chris Leslie MP,Nottingham East,1,https://assets3.parliament.uk/ext/mnis-bio-person/www.dodspeople.com/photos/25414.jpg.jpg
433,Alex Norris MP,Nottingham North,1,https://assets3.parliament.uk/ext/mnis-bio-person/www.dodspeople.com/photos/113121.jpg.jpg
434,Lilian Greenwood MP,Nottingham South,1,https://assets3.parliament.uk/ext/mnis-bio-person/www.dodspeople.com/photos/72265.jpg.jpg
435,Mr Marcus Jones MP,Nuneaton,1,https://assets3.parliament.uk/ext/mnis-bio-person/www.dodspeople.com/photos/76806.jpg.jpg
436,Luke Graham MP,Ochil and South Perthshire,1,https://assets3.parliament.uk/ext/mnis-bio-person/www.dodspeople.com/photos/136818.jpg.jpg
437,Chris Elmore MP,Ogmore,1,https://assets3.parliament.uk/ext/mnis-bio-person/www.dodspeople.com/photos/105950.jpg.jpg
438,Rt Hon James Brokenshire MP,Old Bexley and Sidcup,1,https://assets3.parliament.uk/ext/mnis-bio-person/www.dodspeople.com/photos/35372.jpg.jpg
439,Debbie Abrahams MP,Oldham East and Saddleworth,1,https://assets3.parliament.uk/ext/mnis-bio-person/www.dodspeople.com/photos/80556.jpg.jpg
440,Jim McMahon MP,Oldham West and Royton,1,https://assets3.parliament.uk/ext/mnis-bio-person/www.dodspeople.com/photos/115607.jpg.jpg
441,Rt Hon Alistair Carmichael MP,Orkney and Shetland,1,https://assets3.parliament.uk/ext/mnis-bio-person/www.dodspeople.com/photos/24991.jpg.jpg
442,Joseph Johnson MP,Orpington,1,https://assets3.parliament.uk/ext/mnis-bio-person/www.dodspeople.com/photos/83602.jpg.jpg
443,Anneliese Dodds MP,Oxford East,1,https://assets3.parliament.uk/ext/mnis-bio-person/www.dodspeople.com/photos/35860.jpg.jpg
444,Layla Moran MP,Oxford West and Abingdon,1,https://assets3.parliament.uk/ext/mnis-bio-person/www.dodspeople.com/photos/85122.jpg.jpg
445,Gavin Newlands MP,Paisley and Renfrewshire North,1,https://assets3.parliament.uk/ext/mnis-bio-person/www.dodspeople.com/photos/138156.jpg.jpg
446,Mhairi Black MP,Paisley and Renfrewshire South,1,https://assets3.parliament.uk/ext/mnis-bio-person/www.dodspeople.com/photos/138157.jpg.jpg
447,Andrew Stephenson MP,Pendle,1,https://assets3.parliament.uk/ext/mnis-bio-person/www.dodspeople.com/photos/62783.jpg.jpg
448,Angela Smith MP,Penistone and Stocksbridge,1,https://assets3.parliament.uk/ext/mnis-bio-person/www.dodspeople.com/photos/40274.jpg.jpg
449,Rory Stewart MP,Penrith and The Border,1,https://assets3.parliament.uk/ext/mnis-bio-person/www.dodspeople.com/photos/83410.jpg.jpg
450,Pete Wishart MP,Perth and North Perthshire,1,https://assets3.parliament.uk/ext/mnis-bio-person/www.dodspeople.com/photos/25254.jpg.jpg
451,Fiona Onasanya MP,Peterborough,1,https://assets3.parliament.uk/ext/mnis-bio-person/www.dodspeople.com/photos/113832.jpg.jpg
452,Johnny Mercer MP,"Plymouth, Moor View",1,https://assets3.parliament.uk/ext/mnis-bio-person/www.dodspeople.com/photos/107853.jpg.jpg
453,Luke Pollard MP,"Plymouth, Sutton and Devonport",1,https://assets3.parliament.uk/ext/mnis-bio-person/www.dodspeople.com/photos/64662.jpg.jpg
454,Owen Smith MP,Pontypridd,1,https://assets3.parliament.uk/ext/mnis-bio-person/www.dodspeople.com/photos/54340.jpg.jpg
455,Sir Robert Syms MP,Poole,1,https://assets3.parliament.uk/ext/mnis-bio-person/www.dodspeople.com/photos/25262.jpg.jpg
456,Jim Fitzpatrick MP,Poplar and Limehouse,1,https://assets3.parliament.uk/ext/mnis-bio-person/www.dodspeople.com/photos/25612.jpg.jpg
457,Rt Hon Penny Mordaunt MP,Portsmouth North,1,https://assets3.parliament.uk/ext/mnis-bio-person/www.dodspeople.com/photos/35429.jpg.jpg
458,Stephen Morgan MP,Portsmouth South,1,https://assets3.parliament.uk/ext/mnis-bio-person/www.dodspeople.com/photos/72523.jpg.jpg
459,Rt Hon Stephen Crabb MP,Preseli Pembrokeshire,1,https://assets3.parliament.uk/ext/mnis-bio-person/www.dodspeople.com/photos/31575.jpg.jpg
460,Sir Mark Hendrick MP,Preston,1,https://assets3.parliament.uk/ext/mnis-bio-person/www.dodspeople.com/photos/25602.jpg.jpg
461,Stuart Andrew MP,Pudsey,1,https://assets3.parliament.uk/ext/mnis-bio-person/www.dodspeople.com/photos/62806.jpg.jpg
462,Rt Hon Justine Greening MP,Putney,1,https://assets3.parliament.uk/ext/mnis-bio-person/www.dodspeople.com/photos/31669.jpg.jpg
463,Rt Hon Mark Francois MP,Rayleigh and Wickford,1,https://assets3.parliament.uk/ext/mnis-bio-person/www.dodspeople.com/photos/25619.jpg.jpg
464,Matt Rodda MP,Reading East,1,https://assets3.parliament.uk/ext/mnis-bio-person/www.dodspeople.com/photos/72490.jpg.jpg
465,Alok Sharma MP,Reading West,1,https://assets3.parliament.uk/ext/mnis-bio-person/www.dodspeople.com/photos/62774.jpg.jpg
466,Anna Turley MP,Redcar,1,https://assets3.parliament.uk/ext/mnis-bio-person/www.dodspeople.com/photos/45341.jpg.jpg
467,Rachel Maclean MP,Redditch,1,https://assets3.parliament.uk/ext/mnis-bio-person/www.dodspeople.com/photos/106028.jpg.jpg
468,Crispin Blunt MP,Reigate,1,https://assets3.parliament.uk/ext/mnis-bio-person/www.dodspeople.com/photos/25811.jpg.jpg
469,Paul Masterton MP,East Renfrewshire,1,https://assets3.parliament.uk/ext/mnis-bio-person/www.dodspeople.com/photos/142867.jpg.jpg
470,Chris Bryant MP,Rhondda,1,https://assets3.parliament.uk/ext/mnis-bio-person/www.dodspeople.com/photos/25745.jpg.jpg
471,Mr Nigel Evans MP,Ribble Valley,1,https://assets3.parliament.uk/ext/mnis-bio-person/www.dodspeople.com/photos/25719.jpg.jpg
472,Rishi Sunak MP,Richmond (Yorks),1,https://assets3.parliament.uk/ext/mnis-bio-person/www.dodspeople.com/photos/136507.jpg.jpg
473,Zac Goldsmith MP,Richmond Park,1,https://assets3.parliament.uk/ext/mnis-bio-person/www.dodspeople.com/photos/62682.jpg.jpg
474,Tony Lloyd MP,Rochdale,1,https://assets3.parliament.uk/ext/mnis-bio-person/www.dodspeople.com/photos/25417.jpg.jpg
475,Kelly Tolhurst MP,Rochester and Strood,1,https://assets3.parliament.uk/ext/mnis-bio-person/www.dodspeople.com/photos/128367.jpg.jpg
476,James Duddridge MP,Rochford and Southend East,1,https://assets3.parliament.uk/ext/mnis-bio-person/www.dodspeople.com/photos/31686.jpg.jpg
477,Andrew Rosindell MP,Romford,1,https://assets3.parliament.uk/ext/mnis-bio-person/www.dodspeople.com/photos/25356.jpg.jpg
478,Rt Hon Caroline Nokes MP,Romsey and Southampton North,1,https://assets3.parliament.uk/ext/mnis-bio-person/www.dodspeople.com/photos/31721.jpg.jpg
479,Rt Hon Ian Blackford MP,"Ross, Skye and Lochaber",1,https://assets3.parliament.uk/ext/mnis-bio-person/www.dodspeople.com/photos/137070.jpg.jpg
480,Jake Berry MP,Rossendale and Darwen,1,https://assets3.parliament.uk/ext/mnis-bio-person/www.dodspeople.com/photos/62817.jpg.jpg
481,Rt Hon Sir Kevin Barron MP,Rother Valley,1,https://assets3.parliament.uk/ext/mnis-bio-person/www.dodspeople.com/photos/25731.jpg.jpg
482,Sarah Champion MP,Rotherham,1,https://assets3.parliament.uk/ext/mnis-bio-person/www.dodspeople.com/photos/101347.jpg.jpg
483,Mark Pawsey MP,Rugby,1,https://assets3.parliament.uk/ext/mnis-bio-person/www.dodspeople.com/photos/35411.jpg.jpg
484,Rt Hon Nick Hurd MP,"Ruislip, Northwood and Pinner",1,https://assets3.parliament.uk/ext/mnis-bio-person/www.dodspeople.com/photos/37707.jpg.jpg
485,Rt Hon Philip Hammond MP,Runnymede and Weybridge,1,https://assets3.parliament.uk/ext/mnis-bio-person/www.dodspeople.com/photos/25564.jpg.jpg
486,Rt Hon Kenneth Clarke QC MP,Rushcliffe,1,https://assets3.parliament.uk/ext/mnis-bio-person/www.dodspeople.com/photos/25686.jpg.jpg
487,Ged Killen MP,Rutherglen and Hamilton West,1,https://assets3.parliament.uk/ext/mnis-bio-person/www.dodspeople.com/photos/118190.jpg.jpg
488,Rt Hon Sir Alan Duncan MP,Rutland and Melton,1,https://assets3.parliament.uk/ext/mnis-bio-person/www.dodspeople.com/photos/25590.jpg.jpg
489,Mrs Kemi Badenoch MP,Saffron Walden,1,https://assets3.parliament.uk/ext/mnis-bio-person/www.dodspeople.com/photos/140622.jpg.jpg
490,Mrs Anne Main MP,St Albans,1,https://assets3.parliament.uk/ext/mnis-bio-person/www.dodspeople.com/photos/35461.jpg.jpg
491,Steve Double MP,St Austell and Newquay,1,https://assets3.parliament.uk/ext/mnis-bio-person/www.dodspeople.com/photos/105948.jpg.jpg
492,Conor McGinn MP,St Helens North,1,https://assets3.parliament.uk/ext/mnis-bio-person/www.dodspeople.com/photos/53083.jpg.jpg
493,Ms Marie Rimmer MP,St Helens South and Whiston,1,https://assets3.parliament.uk/ext/mnis-bio-person/www.dodspeople.com/photos/110436.jpg.jpg
494,Derek Thomas MP,St Ives,1,https://assets3.parliament.uk/ext/mnis-bio-person/www.dodspeople.com/photos/64775.jpg.jpg
495,Rebecca Long Bailey MP,Salford and Eccles,1,https://assets3.parliament.uk/ext/mnis-bio-person/www.dodspeople.com/photos/134243.jpg.jpg
496,John Glen MP,Salisbury,1,https://assets3.parliament.uk/ext/mnis-bio-person/www.dodspeople.com/photos/43043.jpg.jpg
497,Rt Hon Robert Goodwill MP,Scarborough and Whitby,1,https://assets3.parliament.uk/ext/mnis-bio-person/www.dodspeople.com/photos/28181.jpg.jpg
498,Nic Dakin MP,Scunthorpe,1,https://assets3.parliament.uk/ext/mnis-bio-person/www.dodspeople.com/photos/83408.jpg.jpg
499,Phil Wilson MP,Sedgefield,1,https://assets3.parliament.uk/ext/mnis-bio-person/www.dodspeople.com/photos/61609.jpg.jpg
500,Bill Esterson MP,Sefton Central,1,https://assets3.parliament.uk/ext/mnis-bio-person/www.dodspeople.com/photos/83727.jpg.jpg
501,Nigel Adams MP,Selby and Ainsty,1,https://assets3.parliament.uk/ext/mnis-bio-person/www.dodspeople.com/photos/35435.jpg.jpg
502,Rt Hon Sir Michael Fallon MP,Sevenoaks,1,https://assets3.parliament.uk/ext/mnis-bio-person/www.dodspeople.com/photos/25169.jpg.jpg
503,Gill Furniss MP,"Sheffield, Brightside and Hillsborough",1,https://assets3.parliament.uk/ext/mnis-bio-person/www.dodspeople.com/photos/41765.jpg.jpg
504,Paul Blomfield MP,Sheffield Central,1,https://assets3.parliament.uk/ext/mnis-bio-person/www.dodspeople.com/photos/72247.jpg.jpg
505,Jared O'Mara MP,"Sheffield, Hallam",1,https://assets3.parliament.uk/ext/mnis-bio-person/www.dodspeople.com/photos/148063.jpg.jpg
506,Louise Haigh MP,"Sheffield, Heeley",1,https://assets3.parliament.uk/ext/mnis-bio-person/www.dodspeople.com/photos/111042.jpg.jpg
507,Mr Clive Betts MP,Sheffield South East,1,https://assets3.parliament.uk/ext/mnis-bio-person/www.dodspeople.com/photos/25722.jpg.jpg
508,Mark Spencer MP,Sherwood,1,https://assets3.parliament.uk/ext/mnis-bio-person/www.dodspeople.com/photos/72306.jpg.jpg
509,Philip Davies MP,Shipley,1,https://assets3.parliament.uk/ext/mnis-bio-person/www.dodspeople.com/photos/35440.jpg.jpg
510,Daniel Kawczynski MP,Shrewsbury and Atcham,1,https://assets3.parliament.uk/ext/mnis-bio-person/www.dodspeople.com/photos/31584.jpg.jpg
511,Rt Hon Owen Paterson MP,North Shropshire,1,https://assets3.parliament.uk/ext/mnis-bio-person/www.dodspeople.com/photos/25405.jpg.jpg
512,Gordon Henderson MP,Sittingbourne and Sheppey,1,https://assets3.parliament.uk/ext/mnis-bio-person/www.dodspeople.com/photos/31697.jpg.jpg
513,Rt Hon Julian Smith MP,Skipton and Ripon,1,https://assets3.parliament.uk/ext/mnis-bio-person/www.dodspeople.com/photos/83149.jpg.jpg
514,Dr Caroline Johnson MP,Sleaford and North Hykeham,1,https://assets3.parliament.uk/ext/mnis-bio-person/www.dodspeople.com/photos/77483.jpg.jpg
515,Mr Tanmanjeet Singh Dhesi MP,Slough,1,https://assets3.parliament.uk/ext/mnis-bio-person/www.dodspeople.com/photos/106432.jpg.jpg
516,Julian Knight MP,Solihull,1,https://assets3.parliament.uk/ext/mnis-bio-person/www.dodspeople.com/photos/106023.jpg.jpg
517,Rt Hon Dr Liam Fox MP,North Somerset,1,https://assets3.parliament.uk/ext/mnis-bio-person/www.dodspeople.com/photos/25617.jpg.jpg
518,Mr Jacob Rees-Mogg MP,North East Somerset,1,https://assets3.parliament.uk/ext/mnis-bio-person/www.dodspeople.com/photos/42117.jpg.jpg
519,David Warburton MP,Somerton and Frome,1,https://assets3.parliament.uk/ext/mnis-bio-person/www.dodspeople.com/photos/106310.jpg.jpg
520,Sir John Hayes MP,South Holland and The Deepings,1,https://assets3.parliament.uk/ext/mnis-bio-person/www.dodspeople.com/photos/25491.jpg.jpg
521,Seema Kennedy MP,South Ribble,1,https://assets3.parliament.uk/ext/mnis-bio-person/www.dodspeople.com/photos/84401.jpg.jpg
522,Mrs Emma Lewell-Buck MP,South Shields,1,https://assets3.parliament.uk/ext/mnis-bio-person/www.dodspeople.com/photos/104265.jpg.jpg
523,Royston Smith MP,"Southampton, Itchen",1,https://assets3.parliament.uk/ext/mnis-bio-person/www.dodspeople.com/photos/72305.jpg.jpg
524,Dr Alan Whitehead MP,"Southampton, Test",1,https://assets3.parliament.uk/ext/mnis-bio-person/www.dodspeople.com/photos/25238.jpg.jpg
525,Sir David Amess MP,Southend West,1,https://assets3.parliament.uk/ext/mnis-bio-person/www.dodspeople.com/photos/25775.jpg.jpg
526,Damien Moore MP,Southport,1,https://assets3.parliament.uk/ext/mnis-bio-person/www.dodspeople.com/photos/127282.jpg.jpg
527,Kwasi Kwarteng MP,Spelthorne,1,https://assets3.parliament.uk/ext/mnis-bio-person/www.dodspeople.com/photos/35251.jpg.jpg
528,Jeremy Lefroy MP,Stafford,1,https://assets3.parliament.uk/ext/mnis-bio-person/www.dodspeople.com/photos/37699.jpg.jpg
529,Rt Hon Karen Bradley MP,Staffordshire Moorlands,1,https://assets3.parliament.uk/ext/mnis-bio-person/www.dodspeople.com/photos/41311.jpg.jpg
530,Rt Hon Gavin Williamson MP,South Staffordshire,1,https://assets3.parliament.uk/ext/mnis-bio-person/www.dodspeople.com/photos/35247.jpg.jpg
531,Jonathan Reynolds MP,Stalybridge and Hyde,1,https://assets3.parliament.uk/ext/mnis-bio-person/www.dodspeople.com/photos/84903.jpg.jpg
532,Stephen McPartland MP,Stevenage,1,https://assets3.parliament.uk/ext/mnis-bio-person/www.dodspeople.com/photos/62730.jpg.jpg
533,Stephen Kerr MP,Stirling,1,https://assets3.parliament.uk/ext/mnis-bio-person/www.dodspeople.com/photos/35464.jpg.jpg
534,Ann Coffey MP,Stockport,1,https://assets3.parliament.uk/ext/mnis-bio-person/www.dodspeople.com/photos/25759.jpg.jpg
535,Alex Cunningham MP,Stockton North,1,https://assets3.parliament.uk/ext/mnis-bio-person/www.dodspeople.com/photos/72257.jpg.jpg
536,Dr Paul Williams MP,Stockton South,1,https://assets3.parliament.uk/ext/mnis-bio-person/www.dodspeople.com/photos/148146.jpg.jpg
537,Gareth Snell MP,Stoke-on-Trent Central,1,https://assets3.parliament.uk/ext/mnis-bio-person/www.dodspeople.com/photos/147215.jpg.jpg
538,Ruth Smeeth MP,Stoke-on-Trent North,1,https://assets3.parliament.uk/ext/mnis-bio-person/www.dodspeople.com/photos/72301.jpg.jpg
539,Jack Brereton MP,Stoke-on-Trent South,1,https://assets3.parliament.uk/ext/mnis-bio-person/www.dodspeople.com/photos/131166.jpg.jpg
540,Sir William Cash MP,Stone,1,https://assets3.parliament.uk/ext/mnis-bio-person/www.dodspeople.com/photos/25682.jpg.jpg
541,Margot James MP,Stourbridge,1,https://assets3.parliament.uk/ext/mnis-bio-person/www.dodspeople.com/photos/35371.jpg.jpg
542,Jim Shannon MP,Strangford,1,https://assets3.parliament.uk/ext/mnis-bio-person/www.dodspeople.com/photos/33634.jpg.jpg
543,Nadhim Zahawi MP,Stratford-on-Avon,1,https://assets3.parliament.uk/ext/mnis-bio-person/www.dodspeople.com/photos/53078.jpg.jpg
544,Chuka Umunna MP,Streatham,1,https://assets3.parliament.uk/ext/mnis-bio-person/www.dodspeople.com/photos/72314.jpg.jpg
545,Kate Green MP,Stretford and Urmston,1,https://assets3.parliament.uk/ext/mnis-bio-person/www.dodspeople.com/photos/84849.jpg.jpg
546,Dr David Drew MP,Stroud,1,https://assets3.parliament.uk/ext/mnis-bio-person/www.dodspeople.com/photos/25168.jpg.jpg
547,Dr Dan Poulter MP,Central Suffolk and North Ipswich,1,https://assets3.parliament.uk/ext/mnis-bio-person/www.dodspeople.com/photos/83524.jpg.jpg
548,Dr Thrse Coffey MP,Suffolk Coastal,1,https://assets3.parliament.uk/ext/mnis-bio-person/www.dodspeople.com/photos/37744.jpg.jpg
549,James Cartlidge MP,South Suffolk,1,https://assets3.parliament.uk/ext/mnis-bio-person/www.dodspeople.com/photos/35383.jpg.jpg
550,Rt Hon Matt Hancock MP,West Suffolk,1,https://assets3.parliament.uk/ext/mnis-bio-person/www.dodspeople.com/photos/84378.jpg.jpg
551,Julie Elliott MP,Sunderland Central,1,https://assets3.parliament.uk/ext/mnis-bio-person/www.dodspeople.com/photos/78855.jpg.jpg
552,Mr Sam Gyimah MP,East Surrey,1,https://assets3.parliament.uk/ext/mnis-bio-person/www.dodspeople.com/photos/53938.jpg.jpg
553,Rt Hon Michael Gove MP,Surrey Heath,1,https://assets3.parliament.uk/ext/mnis-bio-person/www.dodspeople.com/photos/35482.jpg.jpg
554,Rt Hon Jeremy Hunt MP,South West Surrey,1,https://assets3.parliament.uk/ext/mnis-bio-person/www.dodspeople.com/photos/35446.jpg.jpg
555,Rt Hon Sir Nicholas Soames MP,Mid Sussex,1,https://assets3.parliament.uk/ext/mnis-bio-person/www.dodspeople.com/photos/25208.jpg.jpg
556,Paul Scully MP,Sutton and Cheam,1,https://assets3.parliament.uk/ext/mnis-bio-person/www.dodspeople.com/photos/106199.jpg.jpg
557,Rt Hon Andrew Mitchell MP,Sutton Coldfield,1,https://assets3.parliament.uk/ext/mnis-bio-person/www.dodspeople.com/photos/25190.jpg.jpg
558,Carolyn Harris MP,Swansea East,1,https://assets3.parliament.uk/ext/mnis-bio-person/www.dodspeople.com/photos/136483.jpg.jpg
559,Geraint Davies MP,Swansea West,1,https://assets3.parliament.uk/ext/mnis-bio-person/www.dodspeople.com/photos/25772.jpg.jpg
560,Justin Tomlinson MP,North Swindon,1,https://assets3.parliament.uk/ext/mnis-bio-person/www.dodspeople.com/photos/35402.jpg.jpg
561,Robert Buckland MP,South Swindon,1,https://assets3.parliament.uk/ext/mnis-bio-person/www.dodspeople.com/photos/35445.jpg.jpg
562,Rt Hon Christopher Pincher MP,Tamworth,1,https://assets3.parliament.uk/ext/mnis-bio-person/www.dodspeople.com/photos/35491.jpg.jpg
563,Rt Hon Esther McVey MP,Tatton,1,https://assets3.parliament.uk/ext/mnis-bio-person/www.dodspeople.com/photos/35517.jpg.jpg
564,Rebecca Pow MP,Taunton Deane,1,https://assets3.parliament.uk/ext/mnis-bio-person/www.dodspeople.com/photos/106166.jpg.jpg
565,Lucy Allan MP,Telford,1,https://assets3.parliament.uk/ext/mnis-bio-person/www.dodspeople.com/photos/105910.jpg.jpg
566,Mr Laurence Robertson MP,Tewkesbury,1,https://assets3.parliament.uk/ext/mnis-bio-person/www.dodspeople.com/photos/25350.jpg.jpg
567,Rt Hon Sir Roger Gale MP,North Thanet,1,https://assets3.parliament.uk/ext/mnis-bio-person/www.dodspeople.com/photos/25648.jpg.jpg
568,Craig Mackinlay MP,South Thanet,1,https://assets3.parliament.uk/ext/mnis-bio-person/www.dodspeople.com/photos/41654.jpg.jpg
569,Kevin Hollinrake MP,Thirsk and Malton,1,https://assets3.parliament.uk/ext/mnis-bio-person/www.dodspeople.com/photos/62702.jpg.jpg
570,Luke Hall MP,Thornbury and Yate,1,https://assets3.parliament.uk/ext/mnis-bio-person/www.dodspeople.com/photos/109722.jpg.jpg
571,Jackie Doyle-Price MP,Thurrock,1,https://assets3.parliament.uk/ext/mnis-bio-person/www.dodspeople.com/photos/41326.jpg.jpg
572,Neil Parish MP,Tiverton and Honiton,1,https://assets3.parliament.uk/ext/mnis-bio-person/www.dodspeople.com/photos/28723.jpg.jpg
573,Tom Tugendhat MP,Tonbridge and Malling,1,https://assets3.parliament.uk/ext/mnis-bio-person/www.dodspeople.com/photos/108954.jpg.jpg
574,Dr Rosena Allin-Khan MP,Tooting,1,https://assets3.parliament.uk/ext/mnis-bio-person/www.dodspeople.com/photos/118489.jpg.jpg
575,Kevin Foster MP,Torbay,1,https://assets3.parliament.uk/ext/mnis-bio-person/www.dodspeople.com/photos/62855.jpg.jpg
576,Nick Thomas-Symonds MP,Torfaen,1,https://assets3.parliament.uk/ext/mnis-bio-person/www.dodspeople.com/photos/64627.jpg.jpg
577,Dr Sarah Wollaston MP,Totnes,1,https://assets3.parliament.uk/ext/mnis-bio-person/www.dodspeople.com/photos/81217.jpg.jpg
578,Rt Hon David Lammy MP,Tottenham,1,https://assets3.parliament.uk/ext/mnis-bio-person/www.dodspeople.com/photos/25459.jpg.jpg
579,Sarah Newton MP,Truro and Falmouth,1,https://assets3.parliament.uk/ext/mnis-bio-person/www.dodspeople.com/photos/62750.jpg.jpg
580,Rt Hon Greg Clark MP,Tunbridge Wells,1,https://assets3.parliament.uk/ext/mnis-bio-person/www.dodspeople.com/photos/40488.jpg.jpg
581,Rt Hon Sir Vince Cable MP,Twickenham,1,https://assets3.parliament.uk/ext/mnis-bio-person/www.dodspeople.com/photos/25665.jpg.jpg
582,Sir Alan Campbell MP,Tynemouth,1,https://assets3.parliament.uk/ext/mnis-bio-person/www.dodspeople.com/photos/25786.jpg.jpg
583,Mary Glindon MP,North Tyneside,1,https://assets3.parliament.uk/ext/mnis-bio-person/www.dodspeople.com/photos/84517.jpg.jpg
584,rfhlaith Begley MP,West Tyrone,1,https://assets3.parliament.uk/ext/mnis-bio-person/www.dodspeople.com/photos/151734.jpg.jpg
585,Francie Molloy MP,Mid Ulster,1,https://assets3.parliament.uk/ext/mnis-bio-person/www.dodspeople.com/photos/33623.jpg.jpg
586,David Simpson MP,Upper Bann,1,https://assets3.parliament.uk/ext/mnis-bio-person/www.dodspeople.com/photos/33635.jpg.jpg
587,Rt Hon Boris Johnson MP,Uxbridge and South Ruislip,1,https://assets3.parliament.uk/ext/mnis-bio-person/www.dodspeople.com/photos/25179.jpg.jpg
588,Chris Ruane MP,Vale of Clwyd,1,https://assets3.parliament.uk/ext/mnis-bio-person/www.dodspeople.com/photos/25363.jpg.jpg
589,Rt Hon Alun Cairns MP,Vale of Glamorgan,1,https://assets3.parliament.uk/ext/mnis-bio-person/www.dodspeople.com/photos/33463.jpg.jpg
590,Kate Hoey MP,Vauxhall,1,https://assets3.parliament.uk/ext/mnis-bio-person/www.dodspeople.com/photos/25608.jpg.jpg
591,Mary Creagh MP,Wakefield,1,https://assets3.parliament.uk/ext/mnis-bio-person/www.dodspeople.com/photos/36019.jpg.jpg
592,Ms Angela Eagle MP,Wallasey,1,https://assets3.parliament.uk/ext/mnis-bio-person/www.dodspeople.com/photos/25642.jpg.jpg
593,Eddie Hughes MP,Walsall North,1,https://assets3.parliament.uk/ext/mnis-bio-person/www.dodspeople.com/photos/35245.jpg.jpg
594,Valerie Vaz MP,Walsall South,1,https://assets3.parliament.uk/ext/mnis-bio-person/www.dodspeople.com/photos/84905.jpg.jpg
595,Stella Creasy MP,Walthamstow,1,https://assets3.parliament.uk/ext/mnis-bio-person/www.dodspeople.com/photos/72256.jpg.jpg
596,Ian Lavery MP,Wansbeck,1,https://assets3.parliament.uk/ext/mnis-bio-person/www.dodspeople.com/photos/84518.jpg.jpg
597,Rt Hon Edward Vaizey MP,Wantage,1,https://assets3.parliament.uk/ext/mnis-bio-person/www.dodspeople.com/photos/35502.jpg.jpg
598,Rt Hon John Spellar MP,Warley,1,https://assets3.parliament.uk/ext/mnis-bio-person/www.dodspeople.com/photos/25322.jpg.jpg
599,Helen Jones MP,Warrington North,1,https://assets3.parliament.uk/ext/mnis-bio-person/www.dodspeople.com/photos/25523.jpg.jpg
600,Faisal Rashid MP,Warrington South,1,https://assets3.parliament.uk/ext/mnis-bio-person/www.dodspeople.com/photos/115851.jpg.jpg
601,Matt Western MP,Warwick and Leamington,1,https://assets3.parliament.uk/ext/mnis-bio-person/www.dodspeople.com/photos/117292.jpg.jpg
602,Craig Tracey MP,North Warwickshire,1,https://assets3.parliament.uk/ext/mnis-bio-person/www.dodspeople.com/photos/134861.jpg.jpg
603,Mrs Sharon Hodgson MP,Washington and Sunderland West,1,https://assets3.parliament.uk/ext/mnis-bio-person/www.dodspeople.com/photos/35910.jpg.jpg
604,Richard Harrington MP,Watford,1,https://assets3.parliament.uk/ext/mnis-bio-person/www.dodspeople.com/photos/78037.jpg.jpg
605,Peter Aldous MP,Waveney,1,https://assets3.parliament.uk/ext/mnis-bio-person/www.dodspeople.com/photos/35512.jpg.jpg
606,Ms Nusrat Ghani MP,Wealden,1,https://assets3.parliament.uk/ext/mnis-bio-person/www.dodspeople.com/photos/84390.jpg.jpg
607,Mike Amesbury MP,Weaver Vale,1,https://assets3.parliament.uk/ext/mnis-bio-person/www.dodspeople.com/photos/115548.jpg.jpg
608,Mr Peter Bone MP,Wellingborough,1,https://assets3.parliament.uk/ext/mnis-bio-person/www.dodspeople.com/photos/31691.jpg.jpg
609,James Heappey MP,Wells,1,https://assets3.parliament.uk/ext/mnis-bio-person/www.dodspeople.com/photos/106018.jpg.jpg
610,Rt Hon Grant Shapps MP,Welwyn Hatfield,1,https://assets3.parliament.uk/ext/mnis-bio-person/www.dodspeople.com/photos/31715.jpg.jpg
611,Rt Hon John Healey MP,Wentworth and Dearne,1,https://assets3.parliament.uk/ext/mnis-bio-person/www.dodspeople.com/photos/25567.jpg.jpg
612,Tom Watson MP,West Bromwich East,1,https://assets3.parliament.uk/ext/mnis-bio-person/www.dodspeople.com/photos/25228.jpg.jpg
613,Mr Adrian Bailey MP,West Bromwich West,1,https://assets3.parliament.uk/ext/mnis-bio-person/www.dodspeople.com/photos/25800.jpg.jpg
614,Lyn Brown MP,West Ham,1,https://assets3.parliament.uk/ext/mnis-bio-person/www.dodspeople.com/photos/39376.jpg.jpg
615,Ms Karen Buck MP,Westminster North,1,https://assets3.parliament.uk/ext/mnis-bio-person/www.dodspeople.com/photos/25747.jpg.jpg
616,Tim Farron MP,Westmorland and Lonsdale,1,https://assets3.parliament.uk/ext/mnis-bio-person/www.dodspeople.com/photos/31716.jpg.jpg
617,John Penrose MP,Weston-super-Mare,1,https://assets3.parliament.uk/ext/mnis-bio-person/www.dodspeople.com/photos/31711.jpg.jpg
618,Lisa Nandy MP,Wigan,1,https://assets3.parliament.uk/ext/mnis-bio-person/www.dodspeople.com/photos/54056.jpg.jpg
619,James Gray MP,North Wiltshire,1,https://assets3.parliament.uk/ext/mnis-bio-person/www.dodspeople.com/photos/25542.jpg.jpg
620,Dr Andrew Murrison MP,South West Wiltshire,1,https://assets3.parliament.uk/ext/mnis-bio-person/www.dodspeople.com/photos/25384.jpg.jpg
621,Stephen Hammond MP,Wimbledon,1,https://assets3.parliament.uk/ext/mnis-bio-person/www.dodspeople.com/photos/31703.jpg.jpg
622,Steve Brine MP,Winchester,1,https://assets3.parliament.uk/ext/mnis-bio-person/www.dodspeople.com/photos/62824.jpg.jpg
623,Adam Afriyie MP,Windsor,1,https://assets3.parliament.uk/ext/mnis-bio-person/www.dodspeople.com/photos/35516.jpg.jpg
624,Alison McGovern MP,Wirral South,1,https://assets3.parliament.uk/ext/mnis-bio-person/www.dodspeople.com/photos/84353.jpg.jpg
625,Margaret Greenwood MP,Wirral West,1,https://assets3.parliament.uk/ext/mnis-bio-person/www.dodspeople.com/photos/106012.jpg.jpg
626,Rt Hon Priti Patel MP,Witham,1,https://assets3.parliament.uk/ext/mnis-bio-person/www.dodspeople.com/photos/37703.jpg.jpg
627,Robert Courts MP,Witney,1,https://assets3.parliament.uk/ext/mnis-bio-person/www.dodspeople.com/photos/134363.jpg.jpg
628,Mr Jonathan Lord MP,Woking,1,https://assets3.parliament.uk/ext/mnis-bio-person/www.dodspeople.com/photos/83146.jpg.jpg
629,Rt Hon John Redwood MP,Wokingham,1,https://assets3.parliament.uk/ext/mnis-bio-person/www.dodspeople.com/photos/25340.jpg.jpg
630,Emma Reynolds MP,Wolverhampton North East,1,https://assets3.parliament.uk/ext/mnis-bio-person/www.dodspeople.com/photos/52382.jpg.jpg
631,Rt Hon Pat McFadden MP,Wolverhampton South East,1,https://assets3.parliament.uk/ext/mnis-bio-person/www.dodspeople.com/photos/18145.jpg.jpg
632,Eleanor Smith MP,Wolverhampton South West,1,https://assets3.parliament.uk/ext/mnis-bio-person/www.dodspeople.com/photos/147983.jpg.jpg
633,Mr Robin Walker MP,Worcester,1,https://assets3.parliament.uk/ext/mnis-bio-person/www.dodspeople.com/photos/62794.jpg.jpg
634,Nigel Huddleston MP,Mid Worcestershire,1,https://assets3.parliament.uk/ext/mnis-bio-person/www.dodspeople.com/photos/72276.jpg.jpg
635,Harriett Baldwin MP,West Worcestershire,1,https://assets3.parliament.uk/ext/mnis-bio-person/www.dodspeople.com/photos/40489.jpg.jpg
636,Sue Hayman MP,Workington,1,https://assets3.parliament.uk/ext/mnis-bio-person/www.dodspeople.com/photos/37598.jpg.jpg
637,Barbara Keeley MP,Worsley and Eccles South,1,https://assets3.parliament.uk/ext/mnis-bio-person/www.dodspeople.com/photos/36036.jpg.jpg
638,Tim Loughton MP,East Worthing and Shoreham,1,https://assets3.parliament.uk/ext/mnis-bio-person/www.dodspeople.com/photos/25471.jpg.jpg
639,Sir Peter Bottomley MP,Worthing West,1,https://assets3.parliament.uk/ext/mnis-bio-person/www.dodspeople.com/photos/25739.jpg.jpg
640,Mark Pritchard MP,The Wrekin,1,https://assets3.parliament.uk/ext/mnis-bio-person/www.dodspeople.com/photos/31594.jpg.jpg
641,Ian C. Lucas MP,Wrexham,1,https://assets3.parliament.uk/ext/mnis-bio-person/www.dodspeople.com/photos/25496.jpg.jpg
642,Mr Steve Baker MP,Wycombe,1,https://assets3.parliament.uk/ext/mnis-bio-person/www.dodspeople.com/photos/83404.jpg.jpg
643,Rt Hon Ben Wallace MP,Wyre and Preston North,1,https://assets3.parliament.uk/ext/mnis-bio-person/www.dodspeople.com/photos/35379.jpg.jpg
644,Mark Garnier MP,Wyre Forest,1,https://assets3.parliament.uk/ext/mnis-bio-person/www.dodspeople.com/photos/35520.jpg.jpg
645,Mike Kane MP,Wythenshawe and Sale East,1,https://assets3.parliament.uk/ext/mnis-bio-person/www.dodspeople.com/photos/109778.jpg.jpg
646,Mr Marcus Fysh MP,Yeovil,1,https://assets3.parliament.uk/ext/mnis-bio-person/www.dodspeople.com/photos/106538.jpg.jpg
647,Albert Owen MP,Ynys Mn,1,https://assets3.parliament.uk/ext/mnis-bio-person/www.dodspeople.com/photos/25395.jpg.jpg
648,Rachael Maskell MP,York Central,1,https://assets3.parliament.uk/ext/mnis-bio-person/www.dodspeople.com/photos/137703.jpg.jpg
649,Julian Sturdy MP,York Outer,1,https://assets3.parliament.uk/ext/mnis-bio-person/www.dodspeople.com/photos/35437.jpg.jpg
650,Rt Hon Sir Greg Knight MP,East Yorkshire,1,https://assets3.parliament.uk/ext/mnis-bio-person/www.dodspeople.com/photos/25553.jpg.jpg